Type,Date,Price,BalanceBefore,Profit,BalanceAfter
BUY,2009-03-06 02:30:00,935.65,10000.0,,
SELL,2009-03-10 05:30:00,917.08,,-18.569999999999936,9981.43
BUY,2009-03-12 17:30:00,923.03,9981.43,,
SELL,2009-03-17 09:30:00,920.03,,-3.0,9978.43
BUY,2009-03-19 09:30:00,929.37,9978.43,,
SELL,2009-03-24 06:30:00,942.59,,13.220000000000027,9991.65
BUY,2009-03-26 22:30:00,934.1,9991.65,,
SELL,2009-03-27 18:30:00,921.03,,-13.07000000000005,9978.58
BUY,2009-04-01 22:30:00,927.4,9978.58,,
SELL,2009-04-02 18:30:00,906.38,,-21.019999999999982,9957.56
BUY,2009-04-08 14:30:00,879.74,9957.56,,
SELL,2009-04-10 10:30:00,884.84,,5.100000000000023,9962.66
BUY,2009-04-13 06:30:00,887.65,9962.66,,
SELL,2009-04-16 10:30:00,889.53,,1.8799999999999955,9964.539999999999
BUY,2009-04-21 06:30:00,887.66,9964.539999999999,,
SELL,2009-04-28 10:30:00,897.8,,10.139999999999986,9974.679999999998
BUY,2009-05-04 18:30:00,901.79,9974.679999999998,,
SELL,2009-10-15 17:30:00,1049.09998,,147.30998,10121.989979999998
BUY,2009-10-20 01:30:00,1066.84998,10121.989979999998,,
SELL,2009-10-21 13:30:00,1053.40002,,-13.449959999999919,10108.540019999999
BUY,2009-10-22 05:30:00,1057.33997,10108.540019999999,,
SELL,2009-10-22 17:30:00,1058.90002,,1.5600500000000466,10110.100069999999
BUY,2009-10-23 09:30:00,1061.19995,10110.100069999999,,
SELL,2009-10-26 09:30:00,1056.0,,-5.199949999999944,10104.900119999998
BUY,2009-10-30 01:30:00,1046.30005,10104.900119999998,,
SELL,2009-11-13 10:30:00,1106.75,,60.449949999999944,10165.350069999999
BUY,2009-11-16 06:30:00,1128.90002,10165.350069999999,,
SELL,2009-11-20 06:30:00,1145.25,,16.34997999999996,10181.70005
BUY,2009-11-20 10:30:00,1142.59998,10181.70005,,
SELL,2009-11-27 18:30:00,1177.05005,,34.450070000000096,10216.15012
BUY,2009-12-01 14:30:00,1192.90002,10216.15012,,
SELL,2009-12-04 18:30:00,1157.33997,,-35.56005000000005,10180.59007
BUY,2009-12-16 14:30:00,1137.90002,10180.59007,,
SELL,2009-12-17 22:30:00,1098.55005,,-39.349969999999985,10141.2401
BUY,2009-12-24 14:30:00,1101.80005,10141.2401,,
SELL,2009-12-30 02:30:00,1093.75,,-8.050050000000056,10133.190050000001
BUY,2010-01-04 02:30:00,1098.09998,10133.190050000001,,
SELL,2010-01-08 14:30:00,1132.0,,33.90002000000004,10167.090070000002
BUY,2010-01-11 02:30:00,1155.58997,10167.090070000002,,
SELL,2010-01-13 06:30:00,1131.48999,,-24.09997999999996,10142.990090000003
BUY,2010-01-15 02:30:00,1140.54004,10142.990090000003,,
SELL,2010-01-15 18:30:00,1130.64001,,-9.900030000000015,10133.090060000002
BUY,2010-01-19 22:30:00,1138.14001,10133.090060000002,,
SELL,2010-01-20 18:30:00,1112.58997,,-25.55004000000008,10107.540020000002
BUY,2010-01-27 10:30:00,1094.15002,10107.540020000002,,
SELL,2010-01-27 22:30:00,1087.90002,,-6.25,10101.290020000002
BUY,2010-02-01 22:30:00,1105.30005,10101.290020000002,,
SELL,2010-02-04 18:30:00,1060.44995,,-44.85010000000011,10056.439920000003
BUY,2010-02-09 18:30:00,1076.68994,10056.439920000003,,
SELL,2010-02-18 14:30:00,1118.65002,,41.96008000000006,10098.400000000003
BUY,2010-02-22 06:30:00,1123.99,10098.400000000003,,
SELL,2010-02-23 14:30:00,1110.29,,-13.700000000000045,10084.700000000003
BUY,2010-02-26 10:30:00,1111.93994,10084.700000000003,,
SELL,2010-03-05 14:30:00,1135.30005,,23.360110000000077,10108.060110000002
BUY,2010-03-16 09:30:00,1114.5,10108.060110000002,,
SELL,2010-03-19 17:30:00,1107.84998,,-6.6500200000000405,10101.410090000001
BUY,2010-03-26 22:30:00,1108.15002,10101.410090000001,,
SELL,2010-04-13 14:30:00,1148.75,,40.59997999999996,10142.01007
BUY,2010-04-15 06:30:00,1155.45,10142.01007,,
SELL,2010-04-15 10:30:00,1153.15,,-2.2999999999999545,10139.710070000001
BUY,2010-04-15 18:30:00,1158.6,10139.710070000001,,
SELL,2010-04-16 22:30:00,1136.3,,-22.299999999999955,10117.410070000002
BUY,2010-04-21 06:30:00,1144.09,10117.410070000002,,
SELL,2010-04-23 02:30:00,1139.44,,-4.649999999999864,10112.760070000002
BUY,2010-04-26 02:30:00,1158.89,10112.760070000002,,
SELL,2010-05-05 06:30:00,1168.94,,10.049999999999955,10122.810070000001
BUY,2010-05-06 18:30:00,1196.54,10122.810070000001,,
SELL,2010-05-17 06:30:00,1239.59,,43.049999999999955,10165.86007
BUY,2010-05-24 22:30:00,1191.35,10165.86007,,
SELL,2010-05-31 10:30:00,1212.95,,21.600000000000136,10187.460070000001
BUY,2010-05-31 14:30:00,1214.85,10187.460070000001,,
SELL,2010-06-03 22:30:00,1206.5,,-8.349999999999909,10179.11007
BUY,2010-06-07 14:30:00,1215.15,10179.11007,,
SELL,2010-06-10 10:30:00,1221.2,,6.0499999999999545,10185.16007
BUY,2010-06-15 22:30:00,1233.95,10185.16007,,
SELL,2010-06-22 06:30:00,1237.4,,3.4500000000000455,10188.61007
BUY,2010-06-25 02:30:00,1245.45,10188.61007,,
SELL,2010-06-29 10:30:00,1235.6,,-9.850000000000136,10178.76007
BUY,2010-07-08 14:30:00,1193.45,10178.76007,,
SELL,2010-07-09 02:30:00,1199.15,,5.7000000000000455,10184.460070000001
BUY,2010-07-09 18:30:00,1209.25,10184.460070000001,,
SELL,2010-07-13 06:30:00,1199.65,,-9.599999999999909,10174.86007
BUY,2010-07-13 18:30:00,1212.64,10174.86007,,
SELL,2010-07-16 10:30:00,1205.65,,-6.990000000000009,10167.87007
BUY,2010-07-21 14:30:00,1191.1,10167.87007,,
SELL,2010-07-22 14:30:00,1199.45,,8.350000000000136,10176.220070000001
BUY,2010-07-22 18:30:00,1194.95,10176.220070000001,,
SELL,2010-07-26 10:30:00,1189.0,,-5.9500000000000455,10170.27007
BUY,2010-07-30 14:30:00,1169.2,10170.27007,,
SELL,2010-08-10 14:30:00,1193.2,,24.0,10194.27007
BUY,2010-08-11 18:30:00,1199.95,10194.27007,,
SELL,2010-08-11 22:30:00,1197.85,,-2.1000000000001364,10192.17007
BUY,2010-08-12 18:30:00,1214.6,10192.17007,,
SELL,2010-08-23 06:30:00,1229.35,,14.75,10206.92007
BUY,2010-08-25 10:30:00,1236.1,10206.92007,,
SELL,2010-08-30 10:30:00,1235.15,,-0.9499999999998181,10205.97007
BUY,2010-08-31 18:30:00,1249.45,10205.97007,,
SELL,2010-09-06 02:30:00,1247.85,,-1.6000000000001364,10204.370069999999
BUY,2010-09-06 18:30:00,1249.85,10204.370069999999,,
SELL,2010-09-09 22:30:00,1243.55,,-6.2999999999999545,10198.07007
BUY,2010-09-14 14:30:00,1264.8,10198.07007,,
SELL,2010-09-28 13:30:00,1291.4,,26.600000000000136,10224.67007
BUY,2010-09-29 01:30:00,1308.8,10224.67007,,
SELL,2010-10-08 09:30:00,1329.37,,20.569999999999936,10245.24007
BUY,2010-10-11 09:30:00,1348.3,10245.24007,,
SELL,2010-10-18 05:30:00,1361.15,,12.850000000000136,10258.09007
BUY,2010-10-25 13:30:00,1339.95,10258.09007,,
SELL,2010-10-27 17:30:00,1323.6,,-16.350000000000136,10241.74007
BUY,2010-10-29 01:30:00,1340.9,10241.74007,,
SELL,2010-11-03 21:30:00,1348.45,,7.5499999999999545,10249.29007
BUY,2010-11-04 17:30:00,1380.4,10249.29007,,
SELL,2010-11-10 14:30:00,1395.35,,14.949999999999818,10264.24007
BUY,2010-11-11 10:30:00,1414.15,10264.24007,,
SELL,2010-11-12 06:30:00,1389.9,,-24.25,10239.99007
BUY,2010-11-18 22:30:00,1353.3,10239.99007,,
SELL,2010-11-26 10:30:00,1367.4,,14.100000000000136,10254.09007
BUY,2010-11-30 14:30:00,1381.57,10254.09007,,
SELL,2010-12-08 10:30:00,1397.15,,15.580000000000155,10269.67007
BUY,2010-12-13 18:30:00,1398.15,10269.67007,,
SELL,2010-12-15 18:30:00,1386.66,,-11.490000000000009,10258.18007
BUY,2010-12-20 14:30:00,1382.6,10258.18007,,
SELL,2010-12-23 14:30:00,1373.2,,-9.399999999999864,10248.78007
BUY,2010-12-28 06:30:00,1389.8,10248.78007,,
SELL,2011-01-04 18:30:00,1377.2,,-12.599999999999909,10236.18007
BUY,2011-01-10 22:30:00,1375.55,10236.18007,,
SELL,2011-01-14 02:30:00,1376.15,,0.6000000000001364,10236.78007
BUY,2011-01-19 14:30:00,1372.65,10236.78007,,
SELL,2011-01-20 18:30:00,1348.05,,-24.600000000000136,10212.18007
BUY,2011-01-27 06:30:00,1345.25,10212.18007,,
SELL,2011-01-28 02:30:00,1313.6,,-31.65000000000009,10180.53007
BUY,2011-01-31 10:30:00,1329.75,10180.53007,,
SELL,2011-02-03 02:30:00,1335.75,,6.0,10186.53007
BUY,2011-02-03 22:30:00,1354.2,10186.53007,,
SELL,2011-02-11 22:30:00,1356.45,,2.25,10188.78007
BUY,2011-02-15 02:30:00,1364.5,10188.78007,,
SELL,2011-02-25 18:30:00,1409.1,,44.59999999999991,10233.380070000001
BUY,2011-02-28 10:30:00,1410.85,10233.380070000001,,
SELL,2011-03-04 02:30:00,1418.0,,7.150000000000091,10240.53007
BUY,2011-03-07 06:30:00,1436.65,10240.53007,,
SELL,2011-03-09 10:30:00,1429.9,,-6.75,10233.78007
BUY,2011-03-14 13:30:00,1429.65,10233.78007,,
SELL,2011-03-15 17:30:00,1394.65,,-35.0,10198.78007
BUY,2011-03-18 05:30:00,1412.05,10198.78007,,
SELL,2011-03-25 22:30:00,1427.75,,15.700000000000045,10214.480070000001
BUY,2011-03-31 02:30:00,1424.25,10214.480070000001,,
SELL,2011-04-04 10:30:00,1432.4,,8.150000000000091,10222.630070000001
BUY,2011-04-04 14:30:00,1434.35,10222.630070000001,,
SELL,2011-04-12 10:30:00,1463.05,,28.700000000000045,10251.330070000002
BUY,2011-04-14 18:30:00,1471.8,10251.330070000002,,
SELL,2011-04-26 10:30:00,1504.4,,32.600000000000136,10283.930070000002
BUY,2011-04-27 14:30:00,1510.8,10283.930070000002,,
SELL,2011-05-03 18:30:00,1533.65,,22.850000000000136,10306.780070000003
BUY,2011-05-09 22:30:00,1513.34,10306.780070000003,,
SELL,2011-05-12 06:30:00,1497.0,,-16.339999999999918,10290.440070000002
BUY,2011-05-18 22:30:00,1497.0,10290.440070000002,,
SELL,2011-05-27 02:30:00,1524.65,,27.65000000000009,10318.090070000002
BUY,2011-05-27 18:30:00,1534.48,10318.090070000002,,
SELL,2011-06-01 10:30:00,1532.35,,-2.130000000000109,10315.960070000001
BUY,2011-06-02 02:30:00,1540.12,10315.960070000001,,
SELL,2011-06-03 06:30:00,1532.07,,-8.049999999999955,10307.910070000002
BUY,2011-06-06 02:30:00,1544.85,10307.910070000002,,
SELL,2011-06-08 14:30:00,1537.05,,-7.7999999999999545,10300.110070000002
BUY,2011-06-10 10:30:00,1541.18,10300.110070000002,,
SELL,2011-06-10 22:30:00,1530.99,,-10.190000000000055,10289.920070000002
BUY,2011-06-15 22:30:00,1530.6,10289.920070000002,,
SELL,2011-06-23 18:30:00,1516.15,,-14.449999999999818,10275.470070000003
BUY,2011-06-29 14:30:00,1503.61,10275.470070000003,,
SELL,2011-07-01 06:30:00,1498.9,,-4.709999999999809,10270.760070000004
BUY,2011-07-05 14:30:00,1509.7,10270.760070000004,,
SELL,2011-07-20 10:30:00,1586.85,,77.14999999999986,10347.910070000004
BUY,2011-07-21 10:30:00,1598.55,10347.910070000004,,
SELL,2011-07-22 02:30:00,1589.95,,-8.599999999999909,10339.310070000003
BUY,2011-07-22 22:30:00,1602.4,10339.310070000003,,
SELL,2011-07-28 14:30:00,1613.8,,11.399999999999864,10350.710070000003
BUY,2011-07-29 18:30:00,1626.15,10350.710070000003,,
SELL,2011-08-01 22:30:00,1619.26,,-6.8900000000001,10343.820070000003
BUY,2011-08-02 02:30:00,1619.71,10343.820070000003,,
SELL,2011-08-05 14:30:00,1660.95,,41.24000000000001,10385.060070000003
BUY,2011-08-08 02:30:00,1692.8,10385.060070000003,,
SELL,2011-08-12 10:30:00,1750.25,,57.450000000000045,10442.510070000004
BUY,2011-08-16 10:30:00,1779.31,10442.510070000004,,
SELL,2011-08-24 06:30:00,1840.86,,61.549999999999955,10504.060070000003
BUY,2011-08-29 02:30:00,1813.55,10504.060070000003,,
SELL,2011-09-07 10:30:00,1843.0,,29.450000000000045,10533.510070000004
BUY,2011-09-09 10:30:00,1873.55,10533.510070000004,,
SELL,2011-09-12 22:30:00,1814.8,,-58.75,10474.760070000004
BUY,2011-09-19 10:30:00,1817.0,10474.760070000004,,
SELL,2011-09-20 02:30:00,1782.25,,-34.75,10440.010070000004
BUY,2011-09-21 02:30:00,1801.1,10440.010070000004,,
SELL,2011-09-22 05:30:00,1775.25,,-25.84999999999991,10414.160070000004
BUY,2011-09-28 17:30:00,1608.3,10414.160070000004,,
SELL,2011-09-28 21:30:00,1609.05,,0.75,10414.910070000004
BUY,2011-10-03 13:30:00,1651.8,10414.910070000004,,
SELL,2011-10-05 05:30:00,1624.7,,-27.09999999999991,10387.810070000003
BUY,2011-10-06 13:30:00,1635.6,10387.810070000003,,
SELL,2011-10-13 17:30:00,1664.3,,28.700000000000045,10416.510070000004
BUY,2011-10-14 17:30:00,1682.45,10416.510070000004,,
SELL,2011-10-18 09:30:00,1657.15,,-25.299999999999955,10391.210070000005
BUY,2011-10-24 09:30:00,1651.57,10391.210070000005,,
SELL,2011-10-31 13:30:00,1718.86,,67.28999999999996,10458.500070000006
BUY,2011-11-02 17:30:00,1730.98,10458.500070000006,,
SELL,2011-11-10 06:30:00,1757.0,,26.019999999999982,10484.520070000006
BUY,2011-11-14 02:30:00,1793.75,10484.520070000006,,
SELL,2011-11-15 22:30:00,1780.55,,-13.200000000000045,10471.320070000005
BUY,2011-11-25 06:30:00,1685.137,10471.320070000005,,
SELL,2011-11-25 14:30:00,1686.5,,1.3630000000000564,10472.683070000005
BUY,2011-11-28 14:30:00,1714.8,10472.683070000005,,
SELL,2011-12-05 22:30:00,1722.6,,7.7999999999999545,10480.483070000004
BUY,2011-12-07 22:30:00,1741.59,10480.483070000004,,
SELL,2011-12-09 02:30:00,1713.94,,-27.649999999999864,10452.833070000004
BUY,2011-12-19 10:30:00,1596.2,10452.833070000004,,
SELL,2011-12-22 22:30:00,1605.57,,9.36999999999989,10462.203070000003
BUY,2012-01-03 02:30:00,1577.05,10462.203070000003,,
SELL,2012-01-09 14:30:00,1616.838,,39.78800000000001,10501.991070000004
BUY,2012-01-10 18:30:00,1632.3,10501.991070000004,,
SELL,2012-01-13 22:30:00,1639.27,,6.970000000000027,10508.961070000003
BUY,2012-01-17 06:30:00,1658.71,10508.961070000003,,
SELL,2012-01-20 10:30:00,1646.3,,-12.410000000000082,10496.551070000003
BUY,2012-01-23 02:30:00,1667.45,10496.551070000003,,
SELL,2012-01-25 06:30:00,1668.1,,0.6499999999998636,10497.201070000003
BUY,2012-01-26 02:30:00,1710.485,10497.201070000003,,
SELL,2012-02-06 02:30:00,1735.831,,25.346000000000004,10522.547070000002
BUY,2012-02-08 06:30:00,1750.5,10522.547070000002,,
SELL,2012-02-10 10:30:00,1719.9,,-30.59999999999991,10491.947070000002
BUY,2012-02-15 14:30:00,1734.7,10491.947070000002,,
SELL,2012-02-16 18:30:00,1726.713,,-7.98700000000008,10483.960070000001
BUY,2012-02-17 06:30:00,1731.45,10483.960070000001,,
SELL,2012-02-27 14:30:00,1770.3,,38.84999999999991,10522.810070000001
BUY,2012-02-28 22:30:00,1783.95,10522.810070000001,,
SELL,2012-02-29 22:30:00,1696.6,,-87.35000000000014,10435.460070000001
BUY,2012-03-08 18:30:00,1698.2,10435.460070000001,,
SELL,2012-03-13 17:30:00,1693.41,,-4.789999999999964,10430.67007
BUY,2012-03-19 05:30:00,1662.1,10430.67007,,
SELL,2012-03-20 17:30:00,1647.789,,-14.310999999999922,10416.35907
BUY,2012-03-23 18:30:00,1663.9,10416.35907,,
SELL,2012-03-28 22:30:00,1663.45,,-0.4500000000000455,10415.90907
BUY,2012-04-02 06:30:00,1668.65,10415.90907,,
SELL,2012-04-04 06:30:00,1643.72,,-24.930000000000064,10390.97907
BUY,2012-04-09 06:30:00,1643.15,10390.97907,,
SELL,2012-04-16 06:30:00,1647.75,,4.599999999999909,10395.57907
BUY,2012-04-25 02:30:00,1642.13,10395.57907,,
SELL,2012-05-02 14:30:00,1649.525,,7.394999999999982,10402.97407
BUY,2012-05-17 22:30:00,1573.95,10402.97407,,
SELL,2012-05-22 22:30:00,1568.25,,-5.7000000000000455,10397.27407
BUY,2012-05-25 22:30:00,1572.9,10397.27407,,
SELL,2012-05-30 02:30:00,1551.9,,-21.0,10376.27407
BUY,2012-05-31 14:30:00,1557.36,10376.27407,,
SELL,2012-05-31 18:30:00,1561.969,,4.609000000000151,10380.88307
BUY,2012-06-01 18:30:00,1625.8,10380.88307,,
SELL,2012-06-07 18:30:00,1587.4,,-38.399999999999864,10342.48307
BUY,2012-06-12 18:30:00,1610.85,10342.48307,,
SELL,2012-06-20 06:30:00,1621.2,,10.350000000000136,10352.83307
BUY,2012-06-26 06:30:00,1583.995,10352.83307,,
SELL,2012-06-27 10:30:00,1569.0,,-14.99499999999989,10337.838070000002
BUY,2012-06-29 22:30:00,1597.05,10337.838070000002,,
SELL,2012-07-06 02:30:00,1605.2,,8.150000000000091,10345.988070000001
BUY,2012-07-13 18:30:00,1592.125,10345.988070000001,,
SELL,2012-07-18 10:30:00,1577.577,,-14.548000000000002,10331.44007
BUY,2012-07-20 22:30:00,1584.231,10331.44007,,
SELL,2012-07-23 18:30:00,1576.352,,-7.878999999999905,10323.56107
BUY,2012-07-25 06:30:00,1584.05,10323.56107,,
SELL,2012-08-01 02:30:00,1612.91,,28.860000000000127,10352.42107
BUY,2012-08-06 10:30:00,1608.55,10352.42107,,
SELL,2012-08-14 06:30:00,1611.85,,3.2999999999999545,10355.72107
BUY,2012-08-16 22:30:00,1614.8,10355.72107,,
SELL,2012-08-28 06:30:00,1661.0,,46.200000000000045,10401.92107
BUY,2012-08-31 22:30:00,1691.7,10401.92107,,
SELL,2012-09-06 02:30:00,1697.5,,5.7999999999999545,10407.72107
BUY,2012-09-06 06:30:00,1698.3,10407.72107,,
SELL,2012-09-13 10:30:00,1730.15,,31.850000000000136,10439.57107
BUY,2012-09-13 22:30:00,1766.48,10439.57107,,
SELL,2012-09-18 10:30:00,1756.7,,-9.779999999999973,10429.79107
BUY,2012-09-19 10:30:00,1773.209,10429.79107,,
SELL,2012-09-20 18:30:00,1767.3,,-5.9090000000001055,10423.88207
BUY,2012-09-21 09:30:00,1773.5,10423.88207,,
SELL,2012-09-24 13:30:00,1762.85,,-10.650000000000091,10413.23207
BUY,2012-09-27 21:30:00,1777.0,10413.23207,,
SELL,2012-10-03 05:30:00,1774.595,,-2.4049999999999727,10410.82707
BUY,2012-10-03 17:30:00,1776.65,10410.82707,,
SELL,2012-10-08 05:30:00,1768.95,,-7.7000000000000455,10403.127069999999
BUY,2012-10-12 05:30:00,1769.41,10403.127069999999,,
SELL,2012-10-15 01:30:00,1744.42,,-24.99000000000001,10378.137069999999
BUY,2012-10-17 13:30:00,1747.69,10378.137069999999,,
SELL,2012-10-19 01:30:00,1740.1,,-7.5900000000001455,10370.547069999999
BUY,2012-10-26 01:30:00,1714.14,10370.547069999999,,
SELL,2012-10-26 13:30:00,1714.67,,0.5299999999999727,10371.07707
BUY,2012-10-26 17:30:00,1712.08,10371.07707,,
SELL,2012-10-29 01:30:00,1715.02,,2.9400000000000546,10374.01707
BUY,2012-10-29 05:30:00,1715.2,10374.01707,,
SELL,2012-10-30 05:30:00,1709.32,,-5.880000000000109,10368.13707
BUY,2012-10-31 05:30:00,1711.57,10368.13707,,
SELL,2012-10-31 09:30:00,1717.92,,6.350000000000136,10374.487070000001
BUY,2012-10-31 13:30:00,1719.15,10374.487070000001,,
SELL,2012-11-02 09:30:00,1707.2,,-11.950000000000045,10362.53707
BUY,2012-11-07 02:30:00,1718.78,10362.53707,,
SELL,2012-11-13 10:30:00,1726.41,,7.630000000000109,10370.16707
BUY,2012-11-19 18:30:00,1734.24,10370.16707,,
SELL,2012-11-21 22:30:00,1728.29,,-5.9500000000000455,10364.217069999999
BUY,2012-11-22 06:30:00,1729.33,10364.217069999999,,
SELL,2012-11-22 10:30:00,1729.69,,0.36000000000012733,10364.57707
BUY,2012-11-22 14:30:00,1730.74,10364.57707,,
SELL,2012-11-28 10:30:00,1740.0,,9.259999999999991,10373.83707
BUY,2012-12-07 10:30:00,1696.3,10373.83707,,
SELL,2012-12-13 10:30:00,1695.6,,-0.7000000000000455,10373.137069999999
BUY,2012-12-18 10:30:00,1699.5,10373.137069999999,,
SELL,2012-12-18 22:30:00,1670.95,,-28.549999999999955,10344.58707
BUY,2012-12-24 18:30:00,1659.48,10344.58707,,
SELL,2012-12-31 02:30:00,1660.18,,0.7000000000000455,10345.28707
BUY,2012-12-31 14:30:00,1662.64,10345.28707,,
SELL,2013-01-04 06:30:00,1652.74,,-9.900000000000091,10335.38707
BUY,2013-01-09 02:30:00,1658.49,10335.38707,,
SELL,2013-01-14 06:30:00,1667.447,,8.95699999999988,10344.344070000001
BUY,2013-01-14 18:30:00,1668.15,10344.344070000001,,
SELL,2013-01-24 02:30:00,1683.62,,15.4699999999998,10359.81407
BUY,2013-01-30 02:30:00,1664.35,10359.81407,,
SELL,2013-02-01 06:30:00,1663.6,,-0.75,10359.06407
BUY,2013-02-04 10:30:00,1664.75,10359.06407,,
SELL,2013-02-04 14:30:00,1666.86,,2.1099999999999,10361.174070000001
BUY,2013-02-05 02:30:00,1673.69,10361.174070000001,,
SELL,2013-02-08 02:30:00,1672.3,,-1.3900000000001,10359.784070000002
BUY,2013-02-25 14:30:00,1588.76,10359.784070000002,,
SELL,2013-02-28 14:30:00,1587.89,,-0.8699999999998909,10358.914070000003
BUY,2013-03-05 18:30:00,1576.65,10358.914070000003,,
SELL,2013-03-06 14:30:00,1571.4,,-5.25,10353.664070000003
BUY,2013-03-07 06:30:00,1584.11,10353.664070000003,,
SELL,2013-03-08 06:30:00,1578.5,,-5.6099999999999,10348.054070000002
BUY,2013-03-11 13:30:00,1579.82,10348.054070000002,,
SELL,2013-03-14 17:30:00,1592.65,,12.830000000000155,10360.884070000002
BUY,2013-03-15 01:30:00,1591.72,10360.884070000002,,
SELL,2013-03-25 02:30:00,1608.9,,17.180000000000064,10378.064070000002
BUY,2013-03-28 06:30:00,1605.48,10378.064070000002,,
SELL,2013-04-01 02:30:00,1599.41,,-6.069999999999936,10371.994070000002
BUY,2013-04-08 02:30:00,1576.8,10371.994070000002,,
SELL,2013-04-11 02:30:00,1559.86,,-16.940000000000055,10355.054070000002
BUY,2013-04-18 18:30:00,1391.97,10355.054070000002,,
SELL,2013-05-01 22:30:00,1457.49,,65.51999999999998,10420.574070000002
BUY,2013-05-03 06:30:00,1475.62,10420.574070000002,,
SELL,2013-05-07 10:30:00,1461.2,,-14.419999999999845,10406.154070000002
BUY,2013-05-09 02:30:00,1472.87,10406.154070000002,,
SELL,2013-05-10 14:30:00,1430.19,,-42.679999999999836,10363.474070000002
BUY,2013-05-21 10:30:00,1383.02,10363.474070000002,,
SELL,2013-05-23 10:30:00,1386.43,,3.410000000000082,10366.884070000002
BUY,2013-05-23 22:30:00,1390.85,10366.884070000002,,
SELL,2013-05-28 18:30:00,1383.5,,-7.349999999999909,10359.534070000002
BUY,2013-05-30 06:30:00,1402.5,10359.534070000002,,
SELL,2013-06-03 06:30:00,1396.2,,-6.2999999999999545,10353.234070000002
BUY,2013-06-04 06:30:00,1410.61,10353.234070000002,,
SELL,2013-06-04 22:30:00,1399.06,,-11.549999999999955,10341.684070000003
BUY,2013-06-05 18:30:00,1400.99,10341.684070000003,,
SELL,2013-06-06 10:30:00,1400.45,,-0.5399999999999636,10341.144070000002
BUY,2013-06-07 02:30:00,1415.46,10341.144070000002,,
SELL,2013-06-07 22:30:00,1382.3,,-33.16000000000008,10307.984070000002
BUY,2013-06-13 02:30:00,1391.05,10307.984070000002,,
SELL,2013-06-18 02:30:00,1385.64,,-5.4099999999998545,10302.574070000002
BUY,2013-07-01 10:30:00,1241.78,10302.574070000002,,
SELL,2013-07-05 02:30:00,1242.9,,1.1200000000001182,10303.694070000003
BUY,2013-07-09 10:30:00,1250.45,10303.694070000003,,
SELL,2013-07-16 10:30:00,1286.71,,36.25999999999999,10339.954070000003
BUY,2013-07-16 18:30:00,1291.9,10339.954070000003,,
SELL,2013-07-18 02:30:00,1275.75,,-16.15000000000009,10323.804070000004
BUY,2013-07-19 10:30:00,1286.74,10323.804070000004,,
SELL,2013-07-25 06:30:00,1320.82,,34.07999999999993,10357.884070000004
BUY,2013-07-26 10:30:00,1328.83,10357.884070000004,,
SELL,2013-07-29 02:30:00,1326.25,,-2.5799999999999272,10355.304070000004
BUY,2013-07-29 18:30:00,1328.94,10355.304070000004,,
SELL,2013-07-30 14:30:00,1320.37,,-8.570000000000164,10346.734070000004
BUY,2013-07-31 14:30:00,1313.48,10346.734070000004,,
SELL,2013-07-31 22:30:00,1324.7,,11.220000000000027,10357.954070000003
BUY,2013-08-08 18:30:00,1309.72,10357.954070000003,,
SELL,2013-08-14 10:30:00,1323.68,,13.960000000000036,10371.914070000003
BUY,2013-08-15 06:30:00,1339.27,10371.914070000003,,
SELL,2013-08-21 02:30:00,1372.73,,33.460000000000036,10405.374070000002
BUY,2013-08-21 06:30:00,1368.58,10405.374070000002,,
SELL,2013-08-21 18:30:00,1373.04,,4.460000000000036,10409.83407
BUY,2013-08-22 22:30:00,1375.81,10409.83407,,
SELL,2013-08-29 18:30:00,1411.0,,35.190000000000055,10445.024070000001
BUY,2013-09-04 02:30:00,1412.96,10445.024070000001,,
SELL,2013-09-05 02:30:00,1391.63,,-21.329999999999927,10423.694070000001
BUY,2013-09-09 10:30:00,1387.08,10423.694070000001,,
SELL,2013-09-10 14:30:00,1358.15,,-28.929999999999836,10394.764070000001
BUY,2013-09-19 02:30:00,1365.36,10394.764070000001,,
SELL,2013-09-23 05:30:00,1322.57,,-42.789999999999964,10351.97407
BUY,2013-09-25 21:30:00,1334.1,10351.97407,,
SELL,2013-09-27 09:30:00,1324.4,,-9.699999999999818,10342.27407
BUY,2013-09-27 17:30:00,1336.85,10342.27407,,
SELL,2013-10-01 05:30:00,1329.02,,-7.829999999999927,10334.44407
BUY,2013-10-03 21:30:00,1316.43,10334.44407,,
SELL,2013-10-09 13:30:00,1305.77,,-10.660000000000082,10323.78407
BUY,2013-10-16 09:30:00,1281.06,10323.78407,,
SELL,2013-10-30 01:30:00,1340.95,,59.8900000000001,10383.67407
BUY,2013-10-31 01:30:00,1337.97,10383.67407,,
SELL,2013-10-31 05:30:00,1336.82,,-1.150000000000091,10382.52407
BUY,2013-11-06 18:30:00,1317.37,10382.52407,,
SELL,2013-11-07 22:30:00,1307.38,,-9.989999999999782,10372.53407
BUY,2013-11-14 14:30:00,1285.8,10372.53407,,
SELL,2013-11-18 22:30:00,1275.03,,-10.769999999999982,10361.76407
BUY,2013-11-26 06:30:00,1253.15,10361.76407,,
SELL,2013-11-27 10:30:00,1252.33,,-0.8200000000001637,10360.94407
BUY,2013-11-27 14:30:00,1244.96,10360.94407,,
SELL,2013-11-28 06:30:00,1239.89,,-5.069999999999936,10355.87407
BUY,2013-11-29 18:30:00,1251.28,10355.87407,,
SELL,2013-12-02 18:30:00,1224.09,,-27.190000000000055,10328.68407
BUY,2013-12-05 06:30:00,1238.26,10328.68407,,
SELL,2013-12-06 10:30:00,1229.82,,-8.440000000000055,10320.244069999999
BUY,2013-12-06 14:30:00,1233.88,10320.244069999999,,
SELL,2013-12-09 14:30:00,1236.85,,2.9699999999998,10323.214069999998
BUY,2013-12-10 02:30:00,1239.39,10323.214069999998,,
SELL,2013-12-12 18:30:00,1225.89,,-13.5,10309.714069999998
BUY,2013-12-17 06:30:00,1244.56,10309.714069999998,,
SELL,2013-12-18 06:30:00,1232.54,,-12.019999999999982,10297.694069999998
BUY,2013-12-24 18:30:00,1202.93,10297.694069999998,,
SELL,2013-12-30 22:30:00,1196.26,,-6.670000000000073,10291.024069999998
BUY,2014-01-02 14:30:00,1225.79,10291.024069999998,,
SELL,2014-01-08 02:30:00,1228.67,,2.880000000000109,10293.904069999997
BUY,2014-01-10 10:30:00,1233.24,10293.904069999997,,
SELL,2014-01-15 10:30:00,1238.15,,4.910000000000082,10298.814069999997
BUY,2014-01-17 14:30:00,1248.52,10298.814069999997,,
SELL,2014-01-21 22:30:00,1241.17,,-7.349999999999909,10291.464069999996
BUY,2014-01-23 22:30:00,1263.61,10291.464069999996,,
SELL,2014-01-28 10:30:00,1254.19,,-9.419999999999845,10282.044069999996
BUY,2014-01-30 02:30:00,1262.66,10282.044069999996,,
SELL,2014-01-30 22:30:00,1243.48,,-19.180000000000064,10262.864069999996
BUY,2014-02-04 02:30:00,1256.74,10262.864069999996,,
SELL,2014-02-19 18:30:00,1319.53,,62.789999999999964,10325.654069999997
BUY,2014-02-21 10:30:00,1320.24,10325.654069999997,,
SELL,2014-02-27 06:30:00,1328.08,,7.839999999999918,10333.494069999997
BUY,2014-03-03 14:30:00,1349.75,10333.494069999997,,
SELL,2014-03-05 02:30:00,1336.43,,-13.319999999999936,10320.174069999997
BUY,2014-03-06 22:30:00,1350.39,10320.174069999997,,
SELL,2014-03-10 05:30:00,1333.63,,-16.75999999999999,10303.414069999997
BUY,2014-03-11 13:30:00,1349.43,10303.414069999997,,
SELL,2014-03-18 05:30:00,1360.07,,10.639999999999873,10314.054069999996
BUY,2014-04-03 02:30:00,1291.79,10314.054069999996,,
SELL,2014-04-04 06:30:00,1286.71,,-5.079999999999927,10308.974069999997
BUY,2014-04-04 14:30:00,1297.18,10308.974069999997,,
SELL,2014-04-15 14:30:00,1294.71,,-2.4700000000000273,10306.504069999997
BUY,2014-04-24 22:30:00,1293.04,10306.504069999997,,
SELL,2014-04-29 14:30:00,1298.64,,5.600000000000136,10312.104069999998
BUY,2014-05-05 02:30:00,1305.58,10312.104069999998,,
SELL,2014-05-07 22:30:00,1289.64,,-15.939999999999827,10296.164069999997
BUY,2014-05-12 22:30:00,1295.62,10296.164069999997,,
SELL,2014-05-16 06:30:00,1295.77,,0.15000000000009095,10296.314069999997
BUY,2014-05-22 18:30:00,1295.5,10296.314069999997,,
SELL,2014-05-23 22:30:00,1292.24,,-3.259999999999991,10293.054069999996
BUY,2014-05-27 02:30:00,1292.87,10293.054069999996,,
SELL,2014-05-27 06:30:00,1288.53,,-4.339999999999918,10288.714069999996
BUY,2014-06-04 22:30:00,1243.63,10288.714069999996,,
SELL,2014-06-05 06:30:00,1244.53,,0.8999999999998636,10289.614069999996
BUY,2014-06-05 18:30:00,1253.41,10289.614069999996,,
SELL,2014-06-17 10:30:00,1265.77,,12.3599999999999,10301.974069999997
BUY,2014-06-19 06:30:00,1277.21,10301.974069999997,,
SELL,2014-06-25 14:30:00,1317.51,,40.299999999999955,10342.274069999996
BUY,2014-06-26 06:30:00,1317.13,10342.274069999996,,
SELL,2014-06-26 18:30:00,1315.49,,-1.6400000000001,10340.634069999996
BUY,2014-06-27 22:30:00,1316.11,10340.634069999996,,
SELL,2014-06-30 14:30:00,1314.66,,-1.449999999999818,10339.184069999996
BUY,2014-06-30 22:30:00,1326.95,10339.184069999996,,
SELL,2014-07-03 18:30:00,1319.56,,-7.3900000000001,10331.794069999996
BUY,2014-07-08 18:30:00,1315.71,10331.794069999996,,
SELL,2014-07-14 14:30:00,1306.38,,-9.329999999999927,10322.464069999996
BUY,2014-07-17 22:30:00,1318.88,10322.464069999996,,
SELL,2014-07-22 14:30:00,1310.99,,-7.8900000000001,10314.574069999997
BUY,2014-07-28 06:30:00,1305.71,10314.574069999997,,
SELL,2014-07-30 10:30:00,1298.2,,-7.509999999999991,10307.064069999997
BUY,2014-08-04 10:30:00,1293.58,10307.064069999997,,
SELL,2014-08-05 06:30:00,1291.7,,-1.8799999999998818,10305.184069999998
BUY,2014-08-05 14:30:00,1285.25,10305.184069999998,,
SELL,2014-08-05 18:30:00,1288.88,,3.630000000000109,10308.814069999997
BUY,2014-08-05 22:30:00,1288.47,10308.814069999997,,
SELL,2014-08-06 06:30:00,1291.41,,2.9400000000000546,10311.754069999997
BUY,2014-08-06 18:30:00,1307.64,10311.754069999997,,
SELL,2014-08-11 22:30:00,1308.25,,0.6099999999999,10312.364069999998
BUY,2014-08-12 18:30:00,1309.5,10312.364069999998,,
SELL,2014-08-12 22:30:00,1309.19,,-0.30999999999994543,10312.054069999998
BUY,2014-08-13 02:30:00,1308.03,10312.054069999998,,
SELL,2014-08-13 14:30:00,1312.67,,4.6400000000001,10316.694069999998
BUY,2014-08-13 18:30:00,1312.62,10316.694069999998,,
SELL,2014-08-15 18:30:00,1304.12,,-8.5,10308.194069999998
BUY,2014-08-26 14:30:00,1286.7,10308.194069999998,,
SELL,2014-09-02 02:30:00,1283.26,,-3.4400000000000546,10304.754069999997
BUY,2014-09-08 14:30:00,1259.63,10304.754069999997,,
SELL,2014-09-08 18:30:00,1255.83,,-3.800000000000182,10300.954069999996
BUY,2014-09-16 22:30:00,1235.29,10300.954069999996,,
SELL,2014-09-18 02:30:00,1223.28,,-12.009999999999991,10288.944069999996
BUY,2014-09-23 17:30:00,1221.97,10288.944069999996,,
SELL,2014-09-25 05:30:00,1211.45,,-10.519999999999982,10278.424069999995
BUY,2014-09-26 09:30:00,1222.7,10278.424069999995,,
SELL,2014-09-29 01:30:00,1218.81,,-3.8900000000001,10274.534069999996
BUY,2014-09-29 17:30:00,1216.91,10274.534069999996,,
SELL,2014-09-30 01:30:00,1216.81,,-0.10000000000013642,10274.434069999996
BUY,2014-10-02 09:30:00,1213.11,10274.434069999996,,
SELL,2014-10-03 09:30:00,1207.37,,-5.740000000000009,10268.694069999996
BUY,2014-10-07 13:30:00,1211.13,10268.694069999996,,
SELL,2014-10-15 13:30:00,1239.7,,28.569999999999936,10297.264069999996
BUY,2014-10-15 21:30:00,1241.75,10297.264069999996,,
SELL,2014-10-20 09:30:00,1240.65,,-1.099999999999909,10296.164069999995
BUY,2014-10-20 13:30:00,1244.88,10296.164069999995,,
SELL,2014-10-23 05:30:00,1243.89,,-0.9900000000000091,10295.174069999995
BUY,2014-11-07 22:30:00,1176.47,10295.174069999995,,
SELL,2014-11-11 14:30:00,1156.45,,-20.019999999999982,10275.154069999995
BUY,2014-11-12 02:30:00,1164.75,10275.154069999995,,
SELL,2014-11-13 06:30:00,1159.18,,-5.569999999999936,10269.584069999995
BUY,2014-11-13 18:30:00,1159.33,10269.584069999995,,
SELL,2014-11-14 10:30:00,1154.29,,-5.039999999999964,10264.544069999996
BUY,2014-11-14 22:30:00,1188.49,10264.544069999996,,
SELL,2014-11-20 10:30:00,1196.06,,7.569999999999936,10272.114069999996
BUY,2014-11-21 06:30:00,1193.47,10272.114069999996,,
SELL,2014-11-26 22:30:00,1197.58,,4.1099999999999,10276.224069999997
BUY,2014-12-02 02:30:00,1204.97,10276.224069999997,,
SELL,2014-12-05 18:30:00,1190.92,,-14.049999999999955,10262.174069999997
BUY,2014-12-09 10:30:00,1205.41,10262.174069999997,,
SELL,2014-12-12 10:30:00,1225.21,,19.799999999999955,10281.974069999997
BUY,2014-12-18 22:30:00,1198.02,10281.974069999997,,
SELL,2014-12-19 14:30:00,1195.93,,-2.089999999999918,10279.884069999996
BUY,2014-12-26 18:30:00,1195.39,10279.884069999996,,
SELL,2014-12-30 10:30:00,1187.27,,-8.120000000000118,10271.764069999996
BUY,2014-12-30 18:30:00,1200.36,10271.764069999996,,
SELL,2015-01-02 06:30:00,1186.82,,-13.539999999999964,10258.224069999997
BUY,2015-01-05 18:30:00,1202.52,10258.224069999997,,
SELL,2015-01-08 22:30:00,1208.42,,5.900000000000091,10264.124069999996
BUY,2015-01-09 18:30:00,1219.85,10264.124069999996,,
SELL,2015-01-26 02:30:00,1295.83,,75.98000000000002,10340.104069999996
BUY,2015-01-28 10:30:00,1288.46,10340.104069999996,,
SELL,2015-01-29 02:30:00,1281.17,,-7.289999999999964,10332.814069999997
BUY,2015-02-02 10:30:00,1275.94,10332.814069999997,,
SELL,2015-02-04 02:30:00,1261.79,,-14.150000000000091,10318.664069999997
BUY,2015-02-13 22:30:00,1229.43,10318.664069999997,,
SELL,2015-02-17 18:30:00,1207.67,,-21.75999999999999,10296.904069999997
BUY,2015-02-25 10:30:00,1206.86,10296.904069999997,,
SELL,2015-03-03 06:30:00,1209.15,,2.290000000000191,10299.194069999998
BUY,2015-03-16 09:30:00,1158.0,10299.194069999998,,
SELL,2015-03-17 05:30:00,1153.41,,-4.589999999999918,10294.604069999998
BUY,2015-03-19 05:30:00,1170.84,10294.604069999998,,
SELL,2015-03-30 06:30:00,1194.3,,23.460000000000036,10318.064069999997
BUY,2015-04-01 22:30:00,1203.78,10318.064069999997,,
SELL,2015-04-08 06:30:00,1210.43,,6.650000000000091,10324.714069999996
BUY,2015-04-13 02:30:00,1207.91,10324.714069999996,,
SELL,2015-04-14 02:30:00,1200.7,,-7.210000000000036,10317.504069999995
BUY,2015-04-16 06:30:00,1201.53,10317.504069999995,,
SELL,2015-04-20 22:30:00,1195.65,,-5.879999999999882,10311.624069999996
BUY,2015-04-22 10:30:00,1202.5,10311.624069999996,,
SELL,2015-04-22 22:30:00,1186.73,,-15.769999999999982,10295.854069999996
BUY,2015-04-28 02:30:00,1200.37,10295.854069999996,,
SELL,2015-04-30 18:30:00,1183.78,,-16.589999999999918,10279.264069999996
BUY,2015-05-05 06:30:00,1188.26,10279.264069999996,,
SELL,2015-05-07 14:30:00,1185.71,,-2.5499999999999545,10276.714069999996
BUY,2015-05-11 14:30:00,1188.9,10276.714069999996,,
SELL,2015-05-12 02:30:00,1184.34,,-4.560000000000173,10272.154069999997
BUY,2015-05-12 22:30:00,1193.8,10272.154069999997,,
SELL,2015-05-19 18:30:00,1207.9,,14.100000000000136,10286.254069999997
BUY,2015-05-29 14:30:00,1192.13,10286.254069999997,,
SELL,2015-06-02 14:30:00,1192.76,,0.6299999999998818,10286.884069999996
BUY,2015-06-03 02:30:00,1194.53,10286.884069999996,,
SELL,2015-06-03 22:30:00,1184.79,,-9.740000000000009,10277.144069999997
BUY,2015-06-09 14:30:00,1177.33,10277.144069999997,,
SELL,2015-06-12 06:30:00,1182.6,,5.269999999999982,10282.414069999997
BUY,2015-06-12 18:30:00,1179.82,10282.414069999997,,
SELL,2015-06-12 22:30:00,1181.28,,1.4600000000000364,10283.874069999998
BUY,2015-06-16 06:30:00,1185.33,10283.874069999998,,
SELL,2015-06-17 02:30:00,1180.9,,-4.429999999999836,10279.444069999998
BUY,2015-06-18 10:30:00,1197.99,10279.444069999998,,
SELL,2015-06-22 22:30:00,1185.63,,-12.3599999999999,10267.084069999997
BUY,2015-06-29 10:30:00,1176.29,10267.084069999997,,
SELL,2015-06-30 22:30:00,1171.89,,-4.399999999999864,10262.684069999998
BUY,2015-07-06 22:30:00,1169.93,10262.684069999998,,
SELL,2015-07-07 18:30:00,1154.51,,-15.420000000000073,10247.264069999997
BUY,2015-07-09 22:30:00,1159.02,10247.264069999997,,
SELL,2015-07-13 18:30:00,1156.93,,-2.089999999999918,10245.174069999997
BUY,2015-07-27 10:30:00,1099.48,10245.174069999997,,
SELL,2015-07-30 02:30:00,1094.78,,-4.7000000000000455,10240.474069999997
BUY,2015-08-03 06:30:00,1095.87,10240.474069999997,,
SELL,2015-08-04 06:30:00,1086.29,,-9.579999999999927,10230.894069999997
BUY,2015-08-07 02:30:00,1089.1,10230.894069999997,,
SELL,2015-08-14 18:30:00,1112.69,,23.590000000000146,10254.484069999997
BUY,2015-08-17 22:30:00,1117.29,10254.484069999997,,
SELL,2015-08-19 10:30:00,1122.8,,5.509999999999991,10259.994069999997
BUY,2015-08-19 14:30:00,1127.05,10259.994069999997,,
SELL,2015-08-25 14:30:00,1142.05,,15.0,10274.994069999997
BUY,2015-08-28 22:30:00,1134.02,10274.994069999997,,
SELL,2015-09-03 06:30:00,1132.59,,-1.4300000000000637,10273.564069999997
BUY,2015-09-09 10:30:00,1121.58,10273.564069999997,,
SELL,2015-09-09 18:30:00,1106.59,,-14.990000000000009,10258.574069999997
BUY,2015-09-16 18:30:00,1119.95,10258.574069999997,,
SELL,2015-09-22 17:30:00,1125.7,,5.75,10264.324069999997
BUY,2015-09-24 09:30:00,1134.73,10264.324069999997,,
SELL,2015-09-28 21:30:00,1131.66,,-3.0699999999999363,10261.254069999997
BUY,2015-10-02 21:30:00,1138.53,10261.254069999997,,
SELL,2015-10-08 21:30:00,1138.61,,0.07999999999992724,10261.334069999997
BUY,2015-10-09 13:30:00,1151.46,10261.334069999997,,
SELL,2015-10-19 05:30:00,1173.33,,21.86999999999989,10283.204069999996
BUY,2015-10-21 05:30:00,1176.07,10283.204069999996,,
SELL,2015-10-21 17:30:00,1166.43,,-9.639999999999873,10273.564069999997
BUY,2015-10-28 01:30:00,1166.23,10273.564069999997,,
SELL,2015-10-29 13:30:00,1153.49,,-12.740000000000009,10260.824069999997
BUY,2015-11-16 10:30:00,1092.84,10260.824069999997,,
SELL,2015-11-17 06:30:00,1078.84,,-14.0,10246.824069999997
BUY,2015-11-19 22:30:00,1081.9,10246.824069999997,,
SELL,2015-11-23 10:30:00,1069.0,,-12.900000000000091,10233.924069999997
BUY,2015-11-25 06:30:00,1078.81,10233.924069999997,,
SELL,2015-11-26 02:30:00,1072.11,,-6.7000000000000455,10227.224069999997
BUY,2015-12-01 10:30:00,1069.17,10227.224069999997,,
SELL,2015-12-02 22:30:00,1053.2,,-15.970000000000027,10211.254069999997
BUY,2015-12-04 14:30:00,1079.14,10211.254069999997,,
SELL,2015-12-10 02:30:00,1075.72,,-3.4200000000000728,10207.834069999997
BUY,2015-12-14 10:30:00,1066.25,10207.834069999997,,
SELL,2015-12-14 18:30:00,1064.43,,-1.8199999999999363,10206.014069999997
BUY,2015-12-16 22:30:00,1071.94,10206.014069999997,,
SELL,2015-12-17 18:30:00,1051.54,,-20.40000000000009,10185.614069999998
BUY,2015-12-21 06:30:00,1069.92,10185.614069999998,,
SELL,2015-12-23 22:30:00,1070.03,,0.10999999999989996,10185.724069999998
BUY,2015-12-28 10:30:00,1071.82,10185.724069999998,,
SELL,2015-12-28 18:30:00,1067.11,,-4.710000000000036,10181.014069999997
BUY,2016-01-04 18:30:00,1074.95,10181.014069999997,,
SELL,2016-01-12 02:30:00,1095.47,,20.519999999999982,10201.534069999998
BUY,2016-01-18 02:30:00,1092.52,10201.534069999998,,
SELL,2016-01-25 02:30:00,1100.7,,8.180000000000064,10209.714069999998
BUY,2016-01-25 14:30:00,1106.04,10209.714069999998,,
SELL,2016-01-29 02:30:00,1114.6,,8.559999999999945,10218.274069999998
BUY,2016-02-01 10:30:00,1122.66,10218.274069999998,,
SELL,2016-02-15 18:30:00,1208.07,,85.40999999999985,10303.684069999998
BUY,2016-02-18 10:30:00,1202.64,10303.684069999998,,
SELL,2016-02-22 18:30:00,1208.65,,6.009999999999991,10309.694069999998
BUY,2016-02-24 06:30:00,1225.22,10309.694069999998,,
SELL,2016-02-26 22:30:00,1222.3,,-2.9200000000000728,10306.774069999998
BUY,2016-03-01 02:30:00,1244.01,10306.774069999998,,
SELL,2016-03-02 10:30:00,1230.4,,-13.6099999999999,10293.164069999997
BUY,2016-03-02 22:30:00,1239.64,10293.164069999997,,
SELL,2016-03-09 06:30:00,1256.05,,16.409999999999854,10309.574069999997
BUY,2016-03-11 06:30:00,1269.11,10309.574069999997,,
SELL,2016-03-14 05:30:00,1256.22,,-12.889999999999873,10296.684069999998
BUY,2016-03-17 05:30:00,1258.03,10296.684069999998,,
SELL,2016-03-21 14:30:00,1245.26,,-12.769999999999982,10283.914069999997
BUY,2016-03-29 18:30:00,1238.62,10283.914069999997,,
SELL,2016-04-01 18:30:00,1219.81,,-18.809999999999945,10265.104069999998
BUY,2016-04-05 18:30:00,1229.59,10265.104069999998,,
SELL,2016-04-07 06:30:00,1228.35,,-1.240000000000009,10263.864069999998
BUY,2016-04-07 14:30:00,1241.42,10263.864069999998,,
SELL,2016-04-13 18:30:00,1246.59,,5.169999999999845,10269.034069999998
BUY,2016-04-18 18:30:00,1233.79,10269.034069999998,,
SELL,2016-04-22 14:30:00,1243.77,,9.980000000000018,10279.014069999997
BUY,2016-04-27 06:30:00,1244.0,10279.014069999997,,
SELL,2016-05-04 10:30:00,1276.64,,32.6400000000001,10311.654069999997
BUY,2016-05-06 22:30:00,1288.5,10311.654069999997,,
SELL,2016-05-09 18:30:00,1264.65,,-23.84999999999991,10287.804069999996
BUY,2016-05-11 22:30:00,1276.98,10287.804069999996,,
SELL,2016-05-13 06:30:00,1274.82,,-2.160000000000082,10285.644069999997
BUY,2016-05-13 10:30:00,1273.61,10285.644069999997,,
SELL,2016-05-13 14:30:00,1266.92,,-6.689999999999827,10278.954069999996
BUY,2016-05-16 02:30:00,1273.73,10278.954069999996,,
SELL,2016-05-18 14:30:00,1272.76,,-0.9700000000000273,10277.984069999997
BUY,2016-06-01 02:30:00,1218.81,10277.984069999997,,
SELL,2016-06-03 02:30:00,1210.96,,-7.849999999999909,10270.134069999996
BUY,2016-06-03 18:30:00,1240.66,10270.134069999996,,
SELL,2016-06-17 10:30:00,1284.24,,43.57999999999993,10313.714069999996
BUY,2016-06-20 02:30:00,1284.8,10313.714069999996,,
SELL,2016-06-20 14:30:00,1281.79,,-3.009999999999991,10310.704069999996
BUY,2016-06-24 10:30:00,1315.72,10310.704069999996,,
SELL,2016-06-29 06:30:00,1320.71,,4.990000000000009,10315.694069999996
BUY,2016-06-29 22:30:00,1317.41,10315.694069999996,,
SELL,2016-06-30 10:30:00,1315.77,,-1.6400000000001,10314.054069999996
BUY,2016-07-01 02:30:00,1328.08,10314.054069999996,,
SELL,2016-07-08 06:30:00,1357.67,,29.590000000000146,10343.644069999997
BUY,2016-07-11 14:30:00,1356.93,10343.644069999997,,
SELL,2016-07-11 22:30:00,1355.09,,-1.8400000000001455,10341.804069999996
BUY,2016-07-19 22:30:00,1331.58,10341.804069999996,,
SELL,2016-07-20 18:30:00,1317.53,,-14.049999999999955,10327.754069999997
BUY,2016-07-22 06:30:00,1325.75,10327.754069999997,,
SELL,2016-07-25 02:30:00,1316.73,,-9.019999999999982,10318.734069999997
BUY,2016-07-27 18:30:00,1326.59,10318.734069999997,,
SELL,2016-08-04 14:30:00,1363.52,,36.930000000000064,10355.664069999997
BUY,2016-08-05 06:30:00,1364.09,10355.664069999997,,
SELL,2016-08-05 18:30:00,1337.37,,-26.720000000000027,10328.944069999998
BUY,2016-08-10 10:30:00,1352.17,10328.944069999998,,
SELL,2016-08-12 10:30:00,1336.63,,-15.539999999999964,10313.404069999997
BUY,2016-08-16 10:30:00,1351.47,10313.404069999997,,
SELL,2016-08-19 18:30:00,1343.29,,-8.180000000000064,10305.224069999997
BUY,2016-08-30 10:30:00,1319.74,10305.224069999997,,
SELL,2016-08-30 18:30:00,1313.34,,-6.400000000000091,10298.824069999997
BUY,2016-09-02 14:30:00,1323.99,10298.824069999997,,
SELL,2016-09-09 06:30:00,1337.84,,13.849999999999909,10312.674069999997
BUY,2016-09-20 14:30:00,1313.57,10312.674069999997,,
SELL,2016-09-27 17:30:00,1326.6,,13.029999999999973,10325.704069999998
BUY,2016-10-10 21:30:00,1259.33,10325.704069999998,,
SELL,2016-10-11 17:30:00,1255.33,,-4.0,10321.704069999998
BUY,2016-10-13 17:30:00,1257.73,10321.704069999998,,
SELL,2016-10-14 13:30:00,1251.78,,-5.9500000000000455,10315.754069999997
BUY,2016-10-18 05:30:00,1258.11,10315.754069999997,,
SELL,2016-10-21 13:30:00,1266.04,,7.930000000000064,10323.684069999998
BUY,2016-10-25 17:30:00,1273.64,10323.684069999998,,
SELL,2016-10-27 09:30:00,1269.68,,-3.9600000000000364,10319.724069999997
BUY,2016-10-28 21:30:00,1275.67,10319.724069999997,,
SELL,2016-11-07 10:30:00,1288.14,,12.470000000000027,10332.194069999996
BUY,2016-11-09 14:30:00,1280.6,10332.194069999996,,
SELL,2016-11-10 06:30:00,1287.51,,6.910000000000082,10339.104069999996
BUY,2016-11-16 18:30:00,1223.88,10339.104069999996,,
SELL,2016-11-17 22:30:00,1215.9,,-7.980000000000018,10331.124069999996
BUY,2016-11-22 14:30:00,1211.92,10331.124069999996,,
SELL,2016-11-23 18:30:00,1190.02,,-21.90000000000009,10309.224069999997
BUY,2016-11-28 22:30:00,1192.89,10309.224069999997,,
SELL,2016-11-30 18:30:00,1174.52,,-18.37000000000012,10290.854069999996
BUY,2016-12-06 14:30:00,1172.18,10290.854069999996,,
SELL,2016-12-06 22:30:00,1169.36,,-2.8200000000001637,10288.034069999996
BUY,2016-12-07 22:30:00,1173.55,10288.034069999996,,
SELL,2016-12-09 06:30:00,1169.37,,-4.180000000000064,10283.854069999996
BUY,2016-12-14 18:30:00,1160.6,10283.854069999996,,
SELL,2016-12-15 02:30:00,1143.41,,-17.189999999999827,10266.664069999995
BUY,2016-12-19 22:30:00,1137.87,10266.664069999995,,
SELL,2016-12-20 22:30:00,1131.9,,-5.9699999999998,10260.694069999996
BUY,2016-12-27 02:30:00,1137.42,10260.694069999996,,
SELL,2017-01-19 10:30:00,1202.45,,65.02999999999997,10325.724069999997
BUY,2017-01-23 10:30:00,1213.13,10325.724069999997,,
SELL,2017-01-25 10:30:00,1203.93,,-9.200000000000045,10316.524069999996
BUY,2017-01-30 18:30:00,1194.81,10316.524069999996,,
SELL,2017-02-10 06:30:00,1224.02,,29.210000000000036,10345.734069999995
BUY,2017-02-15 02:30:00,1226.38,10345.734069999995,,
SELL,2017-02-15 06:30:00,1225.83,,-0.5500000000001819,10345.184069999996
BUY,2017-02-16 06:30:00,1232.71,10345.184069999996,,
SELL,2017-02-20 18:30:00,1237.34,,4.629999999999882,10349.814069999995
BUY,2017-02-22 14:30:00,1237.33,10349.814069999995,,
SELL,2017-02-22 22:30:00,1237.22,,-0.10999999999989996,10349.704069999994
BUY,2017-02-23 02:30:00,1236.67,10349.704069999994,,
SELL,2017-02-28 22:30:00,1248.05,,11.379999999999882,10361.084069999994
BUY,2017-03-13 17:30:00,1203.66,10361.084069999994,,
SELL,2017-03-15 01:30:00,1200.72,,-2.9400000000000546,10358.144069999993
BUY,2017-03-16 01:30:00,1224.64,10358.144069999993,,
SELL,2017-03-24 18:30:00,1247.99,,23.34999999999991,10381.494069999993
BUY,2017-03-27 06:30:00,1257.19,10381.494069999993,,
SELL,2017-03-29 14:30:00,1253.16,,-4.029999999999973,10377.464069999993
BUY,2017-04-03 22:30:00,1253.1,10377.464069999993,,
SELL,2017-04-05 22:30:00,1255.12,,2.019999999999982,10379.484069999993
BUY,2017-04-06 14:30:00,1252.22,10379.484069999993,,
SELL,2017-04-06 22:30:00,1251.62,,-0.6000000000001364,10378.884069999993
BUY,2017-04-07 06:30:00,1265.34,10378.884069999993,,
SELL,2017-04-10 14:30:00,1249.76,,-15.579999999999927,10363.304069999993
BUY,2017-04-11 18:30:00,1272.6,10363.304069999993,,
SELL,2017-04-18 18:30:00,1291.38,,18.7800000000002,10382.084069999994
BUY,2017-04-19 14:30:00,1278.07,10382.084069999994,,
SELL,2017-04-19 18:30:00,1280.31,,2.240000000000009,10384.324069999993
BUY,2017-04-24 02:30:00,1275.86,10384.324069999993,,
SELL,2017-04-24 10:30:00,1271.63,,-4.229999999999791,10380.094069999994
BUY,2017-04-28 18:30:00,1267.28,10380.094069999994,,
SELL,2017-05-01 18:30:00,1255.31,,-11.970000000000027,10368.124069999994
BUY,2017-05-12 02:30:00,1225.51,10368.124069999994,,
SELL,2017-05-24 10:30:00,1251.83,,26.319999999999936,10394.444069999994
BUY,2017-05-25 14:30:00,1256.16,10394.444069999994,,
SELL,2017-05-26 02:30:00,1256.29,,0.12999999999988177,10394.574069999993
BUY,2017-05-26 14:30:00,1266.66,10394.574069999993,,
SELL,2017-05-31 02:30:00,1261.29,,-5.370000000000118,10389.204069999992
BUY,2017-06-01 02:30:00,1269.16,10389.204069999992,,
SELL,2017-06-02 06:30:00,1260.37,,-8.790000000000191,10380.414069999992
BUY,2017-06-02 18:30:00,1277.25,10380.414069999992,,
SELL,2017-06-08 14:30:00,1274.23,,-3.019999999999982,10377.394069999991
BUY,2017-06-14 14:30:00,1275.22,10377.394069999991,,
SELL,2017-06-15 14:30:00,1253.42,,-21.799999999999955,10355.594069999992
BUY,2017-06-22 10:30:00,1251.34,10355.594069999992,,
SELL,2017-06-26 18:30:00,1244.96,,-6.379999999999882,10349.214069999993
BUY,2017-06-28 18:30:00,1249.47,10349.214069999993,,
SELL,2017-06-30 02:30:00,1244.96,,-4.509999999999991,10344.704069999992
BUY,2017-07-06 18:30:00,1223.87,10344.704069999992,,
SELL,2017-07-07 10:30:00,1221.68,,-2.189999999999827,10342.514069999992
BUY,2017-07-12 10:30:00,1218.49,10342.514069999992,,
SELL,2017-07-14 14:30:00,1231.3,,12.809999999999945,10355.324069999991
BUY,2017-07-14 18:30:00,1228.47,10355.324069999991,,
SELL,2017-07-26 06:30:00,1245.48,,17.00999999999999,10372.334069999992
BUY,2017-07-27 06:30:00,1263.06,10372.334069999992,,
SELL,2017-08-02 18:30:00,1270.19,,7.130000000000109,10379.46406999999
BUY,2017-08-04 10:30:00,1269.36,10379.46406999999,,
SELL,2017-08-04 18:30:00,1257.91,,-11.449999999999818,10368.01406999999
BUY,2017-08-09 10:30:00,1267.64,10368.01406999999,,
SELL,2017-08-15 02:30:00,1275.59,,7.949999999999818,10375.96406999999
BUY,2017-08-17 06:30:00,1287.42,10375.96406999999,,
SELL,2017-08-22 18:30:00,1285.62,,-1.800000000000182,10374.164069999992
BUY,2017-08-24 02:30:00,1288.26,10374.164069999992,,
SELL,2017-08-25 02:30:00,1285.73,,-2.5299999999999727,10371.634069999991
BUY,2017-08-28 02:30:00,1294.45,10371.634069999991,,
SELL,2017-08-31 06:30:00,1302.95,,8.5,10380.134069999991
BUY,2017-09-01 06:30:00,1319.15,10380.134069999991,,
SELL,2017-09-07 14:30:00,1343.29,,24.139999999999873,10404.27406999999
BUY,2017-09-07 18:30:00,1346.03,10404.27406999999,,
SELL,2017-09-11 14:30:00,1334.31,,-11.720000000000027,10392.554069999991
BUY,2017-09-15 06:30:00,1330.71,10392.554069999991,,
SELL,2017-09-15 22:30:00,1320.34,,-10.370000000000118,10382.18406999999
BUY,2017-09-20 22:30:00,1301.04,10382.18406999999,,
SELL,2017-09-21 02:30:00,1299.8,,-1.240000000000009,10380.94406999999
BUY,2017-09-26 01:30:00,1310.77,10380.94406999999,,
SELL,2017-09-27 09:30:00,1289.8,,-20.970000000000027,10359.974069999991
BUY,2017-10-04 21:30:00,1273.61,10359.974069999991,,
SELL,2017-10-06 05:30:00,1267.98,,-5.629999999999882,10354.344069999992
BUY,2017-10-09 09:30:00,1282.35,10354.344069999992,,
SELL,2017-10-17 09:30:00,1288.56,,6.210000000000036,10360.554069999991
BUY,2017-10-20 05:30:00,1283.67,10360.554069999991,,
SELL,2017-10-20 21:30:00,1280.36,,-3.310000000000173,10357.244069999992
BUY,2017-10-26 09:30:00,1277.78,10357.244069999992,,
SELL,2017-10-26 21:30:00,1265.97,,-11.809999999999945,10345.434069999992
BUY,2017-10-30 21:30:00,1276.11,10345.434069999992,,
SELL,2017-11-01 09:30:00,1278.97,,2.8600000000001273,10348.294069999993
BUY,2017-11-01 13:30:00,1273.11,10348.294069999993,,
SELL,2017-11-06 02:30:00,1269.48,,-3.6299999999998818,10344.664069999993
BUY,2017-11-07 06:30:00,1278.69,10344.664069999993,,
SELL,2017-11-13 02:30:00,1276.16,,-2.5299999999999727,10342.134069999993
BUY,2017-11-15 10:30:00,1285.8,10342.134069999993,,
SELL,2017-11-16 14:30:00,1280.36,,-5.440000000000055,10336.694069999992
BUY,2017-11-17 06:30:00,1282.41,10336.694069999992,,
SELL,2017-11-21 06:30:00,1280.3,,-2.1100000000001273,10334.584069999992
BUY,2017-11-22 22:30:00,1291.17,10334.584069999992,,
SELL,2017-11-29 22:30:00,1282.68,,-8.490000000000009,10326.094069999992
BUY,2017-12-14 02:30:00,1256.48,10326.094069999992,,
SELL,2018-01-09 18:30:00,1312.59,,56.1099999999999,10382.204069999992
BUY,2018-01-11 06:30:00,1317.86,10382.204069999992,,
SELL,2018-01-17 22:30:00,1325.96,,8.100000000000136,10390.304069999993
BUY,2018-01-19 22:30:00,1331.64,10390.304069999993,,
SELL,2018-01-22 18:30:00,1331.94,,0.2999999999999545,10390.604069999992
BUY,2018-01-22 22:30:00,1333.8,10390.604069999992,,
SELL,2018-01-29 06:30:00,1348.27,,14.470000000000027,10405.074069999991
BUY,2018-02-01 02:30:00,1343.29,10405.074069999991,,
SELL,2018-02-02 22:30:00,1331.04,,-12.25,10392.824069999991
BUY,2018-02-06 14:30:00,1331.06,10392.824069999991,,
SELL,2018-02-06 22:30:00,1324.22,,-6.839999999999918,10385.984069999991
BUY,2018-02-12 14:30:00,1322.65,10385.984069999991,,
SELL,2018-02-19 14:30:00,1347.11,,24.45999999999981,10410.44406999999
BUY,2018-02-23 18:30:00,1328.2,10410.44406999999,,
SELL,2018-02-23 22:30:00,1328.7,,0.5,10410.94406999999
BUY,2018-02-26 02:30:00,1336.68,10410.94406999999,,
SELL,2018-02-27 22:30:00,1318.34,,-18.340000000000146,10392.60406999999
BUY,2018-03-02 18:30:00,1322.31,10392.60406999999,,
SELL,2018-03-08 10:30:00,1325.48,,3.1700000000000728,10395.77406999999
BUY,2018-03-13 17:30:00,1326.6,10395.77406999999,,
SELL,2018-03-15 21:30:00,1315.97,,-10.629999999999882,10385.144069999991
BUY,2018-03-21 17:30:00,1323.27,10385.144069999991,,
SELL,2018-03-28 06:30:00,1341.89,,18.62000000000012,10403.764069999992
BUY,2018-04-02 22:30:00,1341.16,10403.764069999992,,
SELL,2018-04-05 10:30:00,1326.58,,-14.580000000000155,10389.184069999992
BUY,2018-04-09 10:30:00,1327.47,10389.184069999992,,
SELL,2018-04-09 14:30:00,1332.07,,4.599999999999909,10393.784069999992
BUY,2018-04-09 18:30:00,1335.67,10393.784069999992,,
SELL,2018-04-13 06:30:00,1338.33,,2.6599999999998545,10396.444069999992
BUY,2018-04-16 10:30:00,1343.99,10396.444069999992,,
SELL,2018-04-20 06:30:00,1342.9,,-1.0899999999999181,10395.354069999992
BUY,2018-04-30 10:30:00,1317.34,10395.354069999992,,
SELL,2018-04-30 18:30:00,1317.74,,0.40000000000009095,10395.754069999992
BUY,2018-05-03 18:30:00,1313.2,10395.754069999992,,
SELL,2018-05-08 18:30:00,1313.13,,-0.06999999999993634,10395.684069999992
BUY,2018-05-10 10:30:00,1315.04,10395.684069999992,,
SELL,2018-05-15 02:30:00,1313.78,,-1.259999999999991,10394.424069999992
BUY,2018-05-22 10:30:00,1294.87,10394.424069999992,,
SELL,2018-05-28 18:30:00,1297.76,,2.8900000000001,10397.314069999991
BUY,2018-05-30 22:30:00,1301.18,10397.314069999991,,
SELL,2018-06-01 10:30:00,1299.36,,-1.8200000000001637,10395.494069999992
BUY,2018-06-06 06:30:00,1298.57,10395.494069999992,,
SELL,2018-06-12 22:30:00,1295.64,,-2.9299999999998363,10392.564069999991
BUY,2018-06-14 10:30:00,1305.11,10392.564069999991,,
SELL,2018-06-15 18:30:00,1278.66,,-26.449999999999818,10366.114069999992
BUY,2018-06-25 06:30:00,1265.14,10366.114069999992,,
SELL,2018-06-25 10:30:00,1269.38,,4.240000000000009,10370.354069999992
BUY,2018-06-25 14:30:00,1267.6,10370.354069999992,,
SELL,2018-06-25 22:30:00,1265.32,,-2.2799999999999727,10368.074069999991
BUY,2018-07-04 02:30:00,1259.39,10368.074069999991,,
SELL,2018-07-09 02:30:00,1258.53,,-0.8600000000001273,10367.21406999999
BUY,2018-07-09 06:30:00,1259.79,10367.21406999999,,
SELL,2018-07-10 18:30:00,1255.8,,-3.990000000000009,10363.224069999991
BUY,2018-07-23 02:30:00,1233.01,10363.224069999991,,
SELL,2018-07-24 10:30:00,1224.85,,-8.160000000000082,10355.064069999991
BUY,2018-07-25 18:30:00,1232.09,10355.064069999991,,
SELL,2018-07-27 02:30:00,1222.52,,-9.569999999999936,10345.494069999992
BUY,2018-08-01 10:30:00,1222.39,10345.494069999992,,
SELL,2018-08-01 18:30:00,1219.28,,-3.1100000000001273,10342.384069999991
BUY,2018-08-07 22:30:00,1210.82,10342.384069999991,,
SELL,2018-08-10 10:30:00,1210.05,,-0.7699999999999818,10341.61406999999
BUY,2018-08-20 10:30:00,1188.33,10341.61406999999,,
SELL,2018-08-23 18:30:00,1187.15,,-1.1799999999998363,10340.43406999999
BUY,2018-08-24 22:30:00,1205.81,10340.43406999999,,
SELL,2018-08-29 14:30:00,1204.08,,-1.7300000000000182,10338.70406999999
BUY,2018-08-31 22:30:00,1200.66,10338.70406999999,,
SELL,2018-09-03 06:30:00,1200.76,,0.09999999999990905,10338.804069999991
BUY,2018-09-06 14:30:00,1205.98,10338.804069999991,,
SELL,2018-09-10 06:30:00,1192.36,,-13.620000000000118,10325.18406999999
BUY,2018-09-12 14:30:00,1195.99,10325.18406999999,,
SELL,2018-09-17 02:30:00,1194.19,,-1.7999999999999545,10323.384069999991
BUY,2018-09-19 10:30:00,1202.72,10323.384069999991,,
SELL,2018-09-24 01:30:00,1196.17,,-6.5499999999999545,10316.834069999992
BUY,2018-09-26 05:30:00,1201.75,10316.834069999992,,
SELL,2018-09-26 21:30:00,1194.23,,-7.519999999999982,10309.314069999991
BUY,2018-10-02 09:30:00,1192.35,10309.314069999991,,
SELL,2018-10-05 13:30:00,1203.84,,11.490000000000009,10320.804069999991
BUY,2018-10-08 01:30:00,1197.31,10320.804069999991,,
SELL,2018-10-08 09:30:00,1193.73,,-3.5799999999999272,10317.224069999991
BUY,2018-10-11 05:30:00,1192.94,10317.224069999991,,
SELL,2018-10-17 21:30:00,1222.09,,29.149999999999864,10346.37406999999
BUY,2018-10-19 09:30:00,1228.31,10346.37406999999,,
SELL,2018-10-22 17:30:00,1222.61,,-5.7000000000000455,10340.67406999999
BUY,2018-10-23 17:30:00,1233.24,10340.67406999999,,
SELL,2018-10-26 05:30:00,1232.14,,-1.099999999999909,10339.57406999999
BUY,2018-10-26 17:30:00,1233.83,10339.57406999999,,
SELL,2018-10-29 17:30:00,1226.45,,-7.379999999999882,10332.19406999999
BUY,2018-11-01 21:30:00,1233.21,10332.19406999999,,
SELL,2018-11-06 18:30:00,1225.62,,-7.5900000000001455,10324.60406999999
BUY,2018-11-15 02:30:00,1210.1,10324.60406999999,,
SELL,2018-11-26 02:30:00,1222.77,,12.670000000000073,10337.27406999999
BUY,2018-11-29 10:30:00,1225.26,10337.27406999999,,
SELL,2018-12-12 10:30:00,1244.47,,19.210000000000036,10356.484069999991
BUY,2018-12-18 02:30:00,1247.91,10356.484069999991,,
SELL,2019-01-07 02:30:00,1289.15,,41.24000000000001,10397.724069999991
BUY,2019-01-07 18:30:00,1288.08,10397.724069999991,,
SELL,2019-01-08 06:30:00,1283.3,,-4.779999999999973,10392.94406999999
BUY,2019-01-10 02:30:00,1294.64,10392.94406999999,,
SELL,2019-01-14 10:30:00,1295.09,,0.4499999999998181,10393.394069999991
BUY,2019-01-14 14:30:00,1292.09,10393.394069999991,,
SELL,2019-01-15 14:30:00,1294.32,,2.230000000000018,10395.62406999999
BUY,2019-01-15 18:30:00,1288.6,10395.62406999999,,
SELL,2019-01-16 02:30:00,1289.44,,0.8400000000001455,10396.46406999999
BUY,2019-01-16 22:30:00,1293.04,10396.46406999999,,
SELL,2019-01-18 14:30:00,1283.09,,-9.950000000000045,10386.51406999999
BUY,2019-01-23 10:30:00,1284.89,10386.51406999999,,
SELL,2019-01-24 22:30:00,1280.95,,-3.9400000000000546,10382.57406999999
BUY,2019-01-25 18:30:00,1297.12,10382.57406999999,,
SELL,2019-02-04 10:30:00,1310.6,,13.480000000000018,10396.05406999999
BUY,2019-02-08 22:30:00,1313.8,10396.05406999999,,
SELL,2019-02-11 22:30:00,1308.0,,-5.7999999999999545,10390.25406999999
BUY,2019-02-12 18:30:00,1310.41,10390.25406999999,,
SELL,2019-02-14 06:30:00,1307.91,,-2.5,10387.75406999999
BUY,2019-02-15 06:30:00,1314.4,10387.75406999999,,
SELL,2019-02-21 22:30:00,1323.14,,8.740000000000009,10396.49406999999
BUY,2019-03-08 10:30:00,1293.17,10396.49406999999,,
SELL,2019-03-14 21:30:00,1295.92,,2.75,10399.24406999999
BUY,2019-03-18 01:30:00,1299.34,10399.24406999999,,
SELL,2019-03-18 09:30:00,1305.34,,6.0,10405.24406999999
BUY,2019-03-18 17:30:00,1303.12,10405.24406999999,,
SELL,2019-03-20 21:30:00,1312.34,,9.220000000000027,10414.464069999989
BUY,2019-03-21 01:30:00,1317.71,10414.464069999989,,
SELL,2019-03-27 06:30:00,1315.19,,-2.519999999999982,10411.944069999989
BUY,2019-03-27 14:30:00,1312.37,10411.944069999989,,
SELL,2019-03-27 18:30:00,1309.71,,-2.6599999999998545,10409.284069999989
BUY,2019-04-03 10:30:00,1291.78,10409.284069999989,,
SELL,2019-04-04 02:30:00,1290.94,,-0.8399999999999181,10408.444069999989
BUY,2019-04-05 14:30:00,1288.69,10408.444069999989,,
SELL,2019-04-05 18:30:00,1291.65,,2.9600000000000364,10411.40406999999
BUY,2019-04-08 06:30:00,1296.32,10411.40406999999,,
SELL,2019-04-11 22:30:00,1292.44,,-3.8799999999998818,10407.52406999999
BUY,2019-04-22 14:30:00,1275.02,10407.52406999999,,
SELL,2019-04-23 10:30:00,1273.21,,-1.8099999999999454,10405.71406999999
BUY,2019-04-25 06:30:00,1276.17,10405.71406999999,,
SELL,2019-04-30 06:30:00,1282.89,,6.720000000000027,10412.43406999999
BUY,2019-04-30 14:30:00,1282.1,10412.43406999999,,
SELL,2019-05-01 10:30:00,1282.41,,0.3100000000001728,10412.74406999999
BUY,2019-05-06 06:30:00,1282.58,10412.74406999999,,
SELL,2019-05-09 10:30:00,1284.17,,1.5900000000001455,10414.33406999999
BUY,2019-05-09 22:30:00,1283.35,10414.33406999999,,
SELL,2019-05-16 18:30:00,1286.19,,2.8400000000001455,10417.17406999999
BUY,2019-05-23 18:30:00,1284.5,10417.17406999999,,
SELL,2019-05-28 18:30:00,1277.97,,-6.529999999999973,10410.64406999999
BUY,2019-05-31 02:30:00,1291.7,10410.64406999999,,
SELL,2019-06-10 14:30:00,1328.8,,37.09999999999991,10447.74406999999
BUY,2019-06-12 14:30:00,1332.27,10447.74406999999,,
SELL,2019-06-17 14:30:00,1340.54,,8.269999999999982,10456.01406999999
BUY,2019-06-18 10:30:00,1346.07,10456.01406999999,,
SELL,2019-06-26 22:30:00,1408.87,,62.799999999999955,10518.81406999999
BUY,2019-06-28 18:30:00,1409.44,10518.81406999999,,
SELL,2019-07-01 06:30:00,1385.97,,-23.470000000000027,10495.34406999999
BUY,2019-07-03 06:30:00,1425.92,10495.34406999999,,
SELL,2019-07-05 18:30:00,1398.08,,-27.840000000000146,10467.50406999999
BUY,2019-07-10 22:30:00,1418.71,10467.50406999999,,
SELL,2019-07-17 02:30:00,1405.93,,-12.779999999999973,10454.72406999999
BUY,2019-07-18 02:30:00,1422.96,10454.72406999999,,
SELL,2019-07-22 14:30:00,1428.46,,5.5,10460.22406999999
BUY,2019-07-25 02:30:00,1423.42,10460.22406999999,,
SELL,2019-07-25 22:30:00,1414.03,,-9.3900000000001,10450.83406999999
BUY,2019-07-29 22:30:00,1426.56,10450.83406999999,,
SELL,2019-08-01 06:30:00,1407.41,,-19.149999999999864,10431.68406999999
BUY,2019-08-02 06:30:00,1433.49,10431.68406999999,,
SELL,2019-08-12 10:30:00,1504.46,,70.97000000000003,10502.65406999999
BUY,2019-08-12 22:30:00,1511.37,10502.65406999999,,
SELL,2019-08-14 06:30:00,1500.54,,-10.829999999999927,10491.82406999999
BUY,2019-08-14 22:30:00,1515.94,10491.82406999999,,
SELL,2019-08-19 06:30:00,1507.04,,-8.900000000000091,10482.92406999999
BUY,2019-08-22 10:30:00,1498.0,10482.92406999999,,
SELL,2019-08-22 22:30:00,1497.74,,-0.2599999999999909,10482.66406999999
BUY,2019-08-23 22:30:00,1525.81,10482.66406999999,,
SELL,2019-08-30 02:30:00,1526.5,,0.6900000000000546,10483.35406999999
BUY,2019-09-03 18:30:00,1546.76,10483.35406999999,,
SELL,2019-09-05 22:30:00,1518.76,,-28.0,10455.35406999999
BUY,2019-09-12 14:30:00,1516.14,10455.35406999999,,
SELL,2019-09-17 10:30:00,1497.99,,-18.15000000000009,10437.20406999999
BUY,2019-09-18 02:30:00,1502.88,10437.20406999999,,
SELL,2019-09-19 06:30:00,1496.53,,-6.350000000000136,10430.85406999999
BUY,2019-09-20 10:30:00,1503.41,10430.85406999999,,
SELL,2019-09-26 01:30:00,1508.4,,4.990000000000009,10435.84406999999
BUY,2019-10-02 17:30:00,1503.29,10435.84406999999,,
SELL,2019-10-07 21:30:00,1493.06,,-10.230000000000018,10425.61406999999
BUY,2019-10-09 05:30:00,1506.83,10425.61406999999,,
SELL,2019-10-11 01:30:00,1495.66,,-11.169999999999845,10414.44406999999
BUY,2019-10-17 09:30:00,1485.81,10414.44406999999,,
SELL,2019-10-21 21:30:00,1484.24,,-1.5699999999999363,10412.87406999999
BUY,2019-10-23 13:30:00,1495.28,10412.87406999999,,
SELL,2019-10-29 01:30:00,1491.91,,-3.369999999999891,10409.504069999992
BUY,2019-10-31 09:30:00,1505.2,10409.504069999992,,
SELL,2019-11-05 10:30:00,1503.9,,-1.2999999999999545,10408.204069999992
BUY,2019-11-13 18:30:00,1463.29,10408.204069999992,,
SELL,2019-11-18 14:30:00,1469.11,,5.819999999999936,10414.024069999992
BUY,2019-11-19 02:30:00,1470.41,10414.024069999992,,
SELL,2019-11-21 18:30:00,1464.6,,-5.810000000000173,10408.214069999993
BUY,2019-11-27 14:30:00,1454.02,10408.214069999993,,
SELL,2019-11-27 18:30:00,1454.09,,0.06999999999993634,10408.284069999992
BUY,2019-12-02 02:30:00,1459.55,10408.284069999992,,
SELL,2019-12-06 14:30:00,1461.6,,2.0499999999999545,10410.334069999992
BUY,2019-12-11 10:30:00,1466.86,10410.334069999992,,
SELL,2019-12-18 22:30:00,1475.3,,8.440000000000055,10418.774069999992
BUY,2019-12-19 22:30:00,1478.72,10418.774069999992,,
SELL,2020-01-09 06:30:00,1544.03,,65.30999999999995,10484.084069999992
BUY,2020-01-15 18:30:00,1555.79,10484.084069999992,,
SELL,2020-01-22 06:30:00,1552.1,,-3.6900000000000546,10480.394069999991
BUY,2020-01-23 22:30:00,1562.45,10480.394069999991,,
SELL,2020-01-29 06:30:00,1567.53,,5.079999999999927,10485.474069999991
BUY,2020-01-30 14:30:00,1578.12,10485.474069999991,,
SELL,2020-02-04 02:30:00,1576.42,,-1.699999999999818,10483.774069999992
BUY,2020-02-07 02:30:00,1567.62,10483.774069999992,,
SELL,2020-02-11 18:30:00,1567.84,,0.22000000000002728,10483.994069999992
BUY,2020-02-13 14:30:00,1575.24,10483.994069999992,,
SELL,2020-02-26 02:30:00,1640.13,,64.8900000000001,10548.884069999991
BUY,2020-02-28 02:30:00,1642.73,10548.884069999991,,
SELL,2020-02-28 10:30:00,1629.97,,-12.759999999999991,10536.12406999999
BUY,2020-03-04 02:30:00,1644.99,10536.12406999999,,
SELL,2020-03-10 13:30:00,1653.61,,8.61999999999989,10544.74406999999
BUY,2020-03-18 13:30:00,1508.33,10544.74406999999,,
SELL,2020-03-18 17:30:00,1488.38,,-19.949999999999818,10524.794069999989
BUY,2020-03-23 06:30:00,1494.42,10524.794069999989,,
SELL,2020-03-30 18:30:00,1614.25,,119.82999999999993,10644.624069999989
BUY,2020-03-31 02:30:00,1614.3,10644.624069999989,,
SELL,2020-03-31 10:30:00,1606.92,,-7.379999999999882,10637.24406999999
BUY,2020-04-03 02:30:00,1609.96,10637.24406999999,,
SELL,2020-04-16 22:30:00,1715.99,,106.02999999999997,10743.27406999999
BUY,2020-04-22 18:30:00,1712.88,10743.27406999999,,
SELL,2020-04-27 22:30:00,1713.36,,0.4799999999997908,10743.75406999999
BUY,2020-04-30 14:30:00,1702.69,10743.75406999999,,
SELL,2020-04-30 22:30:00,1684.97,,-17.720000000000027,10726.03406999999
BUY,2020-05-04 14:30:00,1704.43,10726.03406999999,,
SELL,2020-05-06 22:30:00,1685.18,,-19.25,10706.78406999999
BUY,2020-05-08 02:30:00,1716.55,10706.78406999999,,
SELL,2020-05-11 22:30:00,1696.68,,-19.86999999999989,10686.914069999992
BUY,2020-05-13 22:30:00,1716.09,10686.914069999992,,
SELL,2020-05-19 10:30:00,1735.24,,19.15000000000009,10706.064069999991
BUY,2020-05-20 06:30:00,1748.13,10706.064069999991,,
SELL,2020-05-21 14:30:00,1733.63,,-14.5,10691.564069999991
BUY,2020-05-28 22:30:00,1717.28,10691.564069999991,,
SELL,2020-06-03 10:30:00,1717.82,,0.5399999999999636,10692.10406999999
BUY,2020-06-09 14:30:00,1718.68,10692.10406999999,,
SELL,2020-06-15 14:30:00,1707.9,,-10.779999999999973,10681.32406999999
BUY,2020-06-16 22:30:00,1726.83,10681.32406999999,,
SELL,2020-06-17 10:30:00,1715.05,,-11.779999999999973,10669.544069999989
BUY,2020-06-18 10:30:00,1725.7,10669.544069999989,,
SELL,2020-06-19 02:30:00,1725.71,,0.009999999999990905,10669.55406999999
BUY,2020-06-19 14:30:00,1734.2,10669.55406999999,,
SELL,2020-06-25 18:30:00,1762.3,,28.09999999999991,10697.65406999999
BUY,2020-06-29 10:30:00,1769.17,10697.65406999999,,
SELL,2020-07-02 06:30:00,1766.26,,-2.910000000000082,10694.74406999999
BUY,2020-07-03 06:30:00,1774.01,10694.74406999999,,
SELL,2020-07-06 02:30:00,1772.62,,-1.3900000000001,10693.35406999999
BUY,2020-07-06 18:30:00,1783.52,10693.35406999999,,
SELL,2020-07-10 22:30:00,1798.62,,15.099999999999909,10708.45406999999
BUY,2020-07-13 22:30:00,1800.56,10708.45406999999,,
SELL,2020-07-14 10:30:00,1799.0,,-1.5599999999999454,10706.894069999991
BUY,2020-07-15 06:30:00,1808.37,10706.894069999991,,
SELL,2020-07-16 22:30:00,1795.37,,-13.0,10693.894069999991
BUY,2020-07-20 02:30:00,1807.09,10693.894069999991,,
SELL,2020-08-10 06:30:00,2032.5,,225.41000000000008,10919.304069999991
BUY,2020-08-14 06:30:00,1951.02,10919.304069999991,,
SELL,2020-08-20 02:30:00,1941.68,,-9.339999999999918,10909.96406999999
BUY,2020-08-27 02:30:00,1943.73,10909.96406999999,,
SELL,2020-09-02 14:30:00,1948.87,,5.139999999999873,10915.10406999999
BUY,2020-09-09 14:30:00,1947.3,10915.10406999999,,
SELL,2020-09-14 14:30:00,1958.22,,10.920000000000073,10926.02406999999
BUY,2020-09-14 18:30:00,1955.12,10926.02406999999,,
SELL,2020-09-17 10:30:00,1941.15,,-13.9699999999998,10912.054069999991
BUY,2020-09-18 22:30:00,1950.91,10912.054069999991,,
SELL,2020-09-21 05:30:00,1952.14,,1.2300000000000182,10913.28406999999
BUY,2020-09-29 01:30:00,1884.66,10913.28406999999,,
SELL,2020-10-07 01:30:00,1879.48,,-5.180000000000064,10908.10406999999
BUY,2020-10-09 05:30:00,1908.36,10908.10406999999,,
SELL,2020-10-13 21:30:00,1890.66,,-17.699999999999818,10890.40406999999
BUY,2020-10-16 09:30:00,1907.4,10890.40406999999,,
SELL,2020-10-20 09:30:00,1905.98,,-1.4200000000000728,10888.98406999999
BUY,2020-10-21 01:30:00,1914.99,10888.98406999999,,
SELL,2020-10-22 21:30:00,1903.64,,-11.349999999999909,10877.63406999999
BUY,2020-10-27 17:30:00,1908.59,10877.63406999999,,
SELL,2020-10-28 17:30:00,1880.93,,-27.659999999999854,10849.97406999999
BUY,2020-11-02 10:30:00,1888.24,10849.97406999999,,
SELL,2020-11-09 22:30:00,1861.97,,-26.269999999999982,10823.704069999989
BUY,2020-11-12 22:30:00,1875.84,10823.704069999989,,
SELL,2020-11-18 06:30:00,1879.81,,3.9700000000000273,10827.674069999988
BUY,2020-11-23 06:30:00,1873.85,10827.674069999988,,
SELL,2020-11-23 18:30:00,1839.34,,-34.50999999999999,10793.164069999988
BUY,2020-12-01 22:30:00,1814.78,10793.164069999988,,
SELL,2020-12-09 22:30:00,1839.15,,24.37000000000012,10817.534069999989
BUY,2020-12-15 18:30:00,1851.91,10817.534069999989,,
SELL,2020-12-22 06:30:00,1869.86,,17.949999999999818,10835.484069999988
BUY,2020-12-24 10:30:00,1872.56,10835.484069999988,,
SELL,2020-12-29 14:30:00,1878.27,,5.710000000000036,10841.194069999987
BUY,2020-12-30 10:30:00,1878.97,10841.194069999987,,
SELL,2020-12-30 14:30:00,1887.29,,8.319999999999936,10849.514069999987
BUY,2020-12-30 18:30:00,1890.51,10849.514069999987,,
SELL,2021-01-07 02:30:00,1916.09,,25.579999999999927,10875.094069999986
BUY,2021-01-13 14:30:00,1858.3,10875.094069999986,,
SELL,2021-01-14 10:30:00,1838.66,,-19.639999999999873,10855.454069999987
BUY,2021-01-19 22:30:00,1839.66,10855.454069999987,,
SELL,2021-01-22 22:30:00,1854.37,,14.709999999999809,10870.164069999986
BUY,2021-01-29 18:30:00,1851.45,10870.164069999986,,
SELL,2021-02-02 18:30:00,1834.96,,-16.49000000000001,10853.674069999986
BUY,2021-02-08 18:30:00,1831.12,10853.674069999986,,
SELL,2021-02-11 22:30:00,1825.26,,-5.8599999999999,10847.814069999986
BUY,2021-02-22 10:30:00,1796.08,10847.814069999986,,
SELL,2021-02-25 06:30:00,1796.6,,0.5199999999999818,10848.334069999986
BUY,2021-03-09 22:30:00,1715.75,10848.334069999986,,
SELL,2021-03-12 14:30:00,1706.15,,-9.599999999999909,10838.734069999986
BUY,2021-03-15 09:30:00,1728.9,10838.734069999986,,
SELL,2021-03-19 05:30:00,1734.47,,5.569999999999936,10844.304069999986
BUY,2021-03-19 21:30:00,1745.62,10844.304069999986,,
SELL,2021-03-22 18:30:00,1740.5,,-5.119999999999891,10839.184069999985
BUY,2021-03-23 14:30:00,1731.03,10839.184069999985,,
SELL,2021-03-23 22:30:00,1726.69,,-4.339999999999918,10834.844069999985
BUY,2021-03-25 14:30:00,1738.8,10834.844069999985,,
SELL,2021-03-25 22:30:00,1726.89,,-11.909999999999854,10822.934069999985
BUY,2021-04-01 10:30:00,1714.7,10822.934069999985,,
SELL,2021-04-12 06:30:00,1738.33,,23.62999999999988,10846.564069999984
BUY,2021-04-14 06:30:00,1743.8,10846.564069999984,,
SELL,2021-04-15 06:30:00,1741.54,,-2.259999999999991,10844.304069999984
BUY,2021-04-15 14:30:00,1754.43,10844.304069999984,,
SELL,2021-04-23 22:30:00,1776.72,,22.289999999999964,10866.594069999985
BUY,2021-04-29 10:30:00,1774.67,10866.594069999985,,
SELL,2021-04-29 22:30:00,1771.69,,-2.980000000000018,10863.614069999985
BUY,2021-05-03 14:30:00,1791.96,10863.614069999985,,
SELL,2021-05-05 14:30:00,1781.12,,-10.840000000000146,10852.774069999985
BUY,2021-05-06 06:30:00,1792.05,10852.774069999985,,
SELL,2021-05-12 18:30:00,1822.19,,30.1400000000001,10882.914069999984
BUY,2021-05-14 18:30:00,1839.49,10882.914069999984,,
SELL,2021-05-28 14:30:00,1898.12,,58.62999999999988,10941.544069999984
BUY,2021-05-31 06:30:00,1906.7,10941.544069999984,,
SELL,2021-06-02 10:30:00,1897.14,,-9.559999999999945,10931.984069999984
BUY,2021-06-03 10:30:00,1892.97,10931.984069999984,,
SELL,2021-06-03 14:30:00,1867.64,,-25.329999999999927,10906.654069999984
BUY,2021-06-07 10:30:00,1884.15,10906.654069999984,,
SELL,2021-06-07 14:30:00,1888.54,,4.389999999999873,10911.044069999984
BUY,2021-06-07 22:30:00,1898.56,10911.044069999984,,
SELL,2021-06-10 02:30:00,1887.7,,-10.8599999999999,10900.184069999983
BUY,2021-06-11 06:30:00,1900.15,10900.184069999983,,
SELL,2021-06-11 22:30:00,1876.0,,-24.15000000000009,10876.034069999983
BUY,2021-06-22 18:30:00,1778.2,10876.034069999983,,
SELL,2021-06-23 06:30:00,1781.3,,3.099999999999909,10879.134069999984
BUY,2021-06-23 14:30:00,1794.14,10879.134069999984,,
SELL,2021-06-24 14:30:00,1783.51,,-10.63000000000011,10868.504069999984
BUY,2021-06-25 18:30:00,1776.98,10868.504069999984,,
SELL,2021-06-28 14:30:00,1779.93,,2.9500000000000455,10871.454069999985
BUY,2021-06-29 02:30:00,1774.4,10871.454069999985,,
SELL,2021-06-29 06:30:00,1778.15,,3.75,10875.204069999985
BUY,2021-07-01 14:30:00,1779.62,10875.204069999985,,
SELL,2021-07-09 14:30:00,1803.65,,24.0300000000002,10899.234069999986
BUY,2021-07-09 22:30:00,1808.14,10899.234069999986,,
SELL,2021-07-12 18:30:00,1805.64,,-2.5,10896.734069999986
BUY,2021-07-13 14:30:00,1813.78,10896.734069999986,,
SELL,2021-07-19 02:30:00,1812.52,,-1.259999999999991,10895.474069999986
BUY,2021-07-26 10:30:00,1808.26,10895.474069999986,,
SELL,2021-07-27 06:30:00,1796.12,,-12.1400000000001,10883.334069999986
BUY,2021-07-28 10:30:00,1799.2,10883.334069999986,,
SELL,2021-07-28 18:30:00,1798.77,,-0.43000000000006366,10882.904069999986
BUY,2021-07-29 06:30:00,1816.16,10882.904069999986,,
SELL,2021-08-02 10:30:00,1810.19,,-5.970000000000027,10876.934069999987
BUY,2021-08-04 18:30:00,1812.26,10876.934069999987,,
SELL,2021-08-05 14:30:00,1803.57,,-8.690000000000055,10868.244069999986
BUY,2021-08-12 02:30:00,1750.53,10868.244069999986,,
SELL,2021-08-19 06:30:00,1778.74,,28.210000000000036,10896.454069999985
BUY,2021-08-23 14:30:00,1803.05,10896.454069999985,,
SELL,2021-08-25 22:30:00,1790.38,,-12.669999999999845,10883.784069999985
BUY,2021-08-27 14:30:00,1792.09,10883.784069999985,,
SELL,2021-09-02 02:30:00,1813.41,,21.320000000000164,10905.104069999985
BUY,2021-09-02 14:30:00,1812.35,10905.104069999985,,
SELL,2021-09-03 02:30:00,1812.82,,0.4700000000000273,10905.574069999984
BUY,2021-09-03 18:30:00,1831.06,10905.574069999984,,
SELL,2021-09-07 18:30:00,1796.4,,-34.659999999999854,10870.914069999984
BUY,2021-09-10 14:30:00,1794.78,10870.914069999984,,
SELL,2021-09-13 06:30:00,1792.92,,-1.8599999999999,10869.054069999984
BUY,2021-09-14 22:30:00,1803.79,10869.054069999984,,
SELL,2021-09-16 10:30:00,1777.78,,-26.00999999999999,10843.044069999984
BUY,2021-09-21 10:30:00,1766.33,10843.044069999984,,
SELL,2021-09-23 17:30:00,1752.62,,-13.710000000000036,10829.334069999983
BUY,2021-10-01 01:30:00,1754.56,10829.334069999983,,
SELL,2021-10-06 01:30:00,1757.28,,2.7200000000000273,10832.054069999982
BUY,2021-10-07 09:30:00,1759.83,10832.054069999982,,
SELL,2021-10-08 01:30:00,1758.37,,-1.4600000000000364,10830.594069999981
BUY,2021-10-08 17:30:00,1759.47,10830.594069999981,,
SELL,2021-10-11 13:30:00,1757.56,,-1.9100000000000819,10828.684069999981
BUY,2021-10-12 17:30:00,1759.23,10828.684069999981,,
SELL,2021-10-18 01:30:00,1770.64,,11.410000000000082,10840.094069999981
BUY,2021-10-20 13:30:00,1779.89,10840.094069999981,,
SELL,2021-10-27 05:30:00,1785.91,,6.019999999999982,10846.114069999981
BUY,2021-10-28 09:30:00,1797.58,10846.114069999981,,
SELL,2021-10-29 17:30:00,1781.45,,-16.12999999999988,10829.984069999982
BUY,2021-11-02 09:30:00,1794.95,10829.984069999982,,
SELL,2021-11-03 05:30:00,1782.0,,-12.950000000000045,10817.034069999982
BUY,2021-11-05 01:30:00,1795.42,10817.034069999982,,
SELL,2021-11-17 02:30:00,1855.8,,60.37999999999988,10877.41406999998
BUY,2021-11-18 02:30:00,1866.77,10877.41406999998,,
SELL,2021-11-19 02:30:00,1861.7,,-5.069999999999936,10872.344069999981
BUY,2021-11-26 14:30:00,1798.37,10872.344069999981,,
SELL,2021-11-29 22:30:00,1784.11,,-14.259999999999991,10858.08406999998
BUY,2021-12-06 06:30:00,1784.41,10858.08406999998,,
SELL,2021-12-09 10:30:00,1782.79,,-1.6200000000001182,10856.46406999998
BUY,2021-12-09 14:30:00,1776.67,10856.46406999998,,
SELL,2021-12-09 18:30:00,1778.12,,1.449999999999818,10857.91406999998
BUY,2021-12-13 10:30:00,1786.77,10857.91406999998,,
SELL,2021-12-15 02:30:00,1772.17,,-14.599999999999909,10843.31406999998
BUY,2021-12-16 18:30:00,1796.1,10843.31406999998,,
SELL,2021-12-21 06:30:00,1790.92,,-5.179999999999836,10838.13406999998
BUY,2021-12-23 02:30:00,1806.55,10838.13406999998,,
SELL,2021-12-29 10:30:00,1795.62,,-10.930000000000064,10827.20406999998
BUY,2021-12-31 06:30:00,1818.1,10827.20406999998,,
SELL,2022-01-04 02:30:00,1805.27,,-12.829999999999927,10814.37406999998
BUY,2022-01-05 14:30:00,1825.7,10814.37406999998,,
SELL,2022-01-06 14:30:00,1791.74,,-33.960000000000036,10780.41406999998
BUY,2022-01-11 06:30:00,1808.15,10780.41406999998,,
SELL,2022-01-17 02:30:00,1818.08,,9.929999999999836,10790.344069999981
BUY,2022-01-19 22:30:00,1839.96,10790.344069999981,,
SELL,2022-01-24 14:30:00,1834.02,,-5.940000000000055,10784.40406999998
BUY,2022-01-25 02:30:00,1840.12,10784.40406999998,,
SELL,2022-01-27 02:30:00,1816.34,,-23.779999999999973,10760.62406999998
BUY,2022-02-01 10:30:00,1806.47,10760.62406999998,,
SELL,2022-02-04 02:30:00,1806.0,,-0.4700000000000273,10760.15406999998
BUY,2022-02-04 14:30:00,1804.21,10760.15406999998,,
SELL,2022-02-11 14:30:00,1829.59,,25.37999999999988,10785.53406999998
BUY,2022-02-11 22:30:00,1860.86,10785.53406999998,,
SELL,2022-02-16 10:30:00,1854.64,,-6.2199999999998,10779.31406999998
BUY,2022-02-17 02:30:00,1868.75,10779.31406999998,,
SELL,2022-02-23 18:30:00,1908.59,,39.83999999999992,10819.15406999998
BUY,2022-02-23 22:30:00,1907.73,10819.15406999998,,
SELL,2022-02-25 18:30:00,1886.38,,-21.34999999999991,10797.80406999998
BUY,2022-03-01 18:30:00,1941.84,10797.80406999998,,
SELL,2022-03-10 02:30:00,1974.66,,32.820000000000164,10830.62406999998
BUY,2022-03-17 17:30:00,1942.22,10830.62406999998,,
SELL,2022-03-21 05:30:00,1925.4,,-16.819999999999936,10813.80406999998
BUY,2022-03-23 22:30:00,1943.35,10813.80406999998,,
SELL,2022-03-28 14:30:00,1936.35,,-7.0,10806.80406999998
BUY,2022-03-31 06:30:00,1923.36,10806.80406999998,,
SELL,2022-04-04 06:30:00,1919.95,,-3.4099999999998545,10803.39406999998
BUY,2022-04-05 14:30:00,1942.14,10803.39406999998,,
SELL,2022-04-06 02:30:00,1922.06,,-20.080000000000155,10783.31406999998
BUY,2022-04-07 22:30:00,1931.8,10783.31406999998,,
SELL,2022-04-19 14:30:00,1963.6,,31.799999999999955,10815.11406999998
BUY,2022-04-29 10:30:00,1914.67,10815.11406999998,,
SELL,2022-05-02 14:30:00,1858.09,,-56.580000000000155,10758.53406999998
BUY,2022-05-05 06:30:00,1898.94,10758.53406999998,,
SELL,2022-05-09 14:30:00,1863.34,,-35.600000000000136,10722.93406999998
BUY,2022-05-17 14:30:00,1823.87,10722.93406999998,,
SELL,2022-05-18 10:30:00,1819.4,,-4.4699999999998,10718.46406999998
BUY,2022-05-19 14:30:00,1839.43,10718.46406999998,,
SELL,2022-05-26 02:30:00,1849.49,,10.059999999999945,10728.52406999998
BUY,2022-05-27 18:30:00,1853.22,10728.52406999998,,
SELL,2022-05-31 14:30:00,1850.97,,-2.25,10726.27406999998
BUY,2022-06-02 14:30:00,1863.83,10726.27406999998,,
SELL,2022-06-06 14:30:00,1850.36,,-13.470000000000027,10712.80406999998
BUY,2022-06-08 18:30:00,1854.45,10712.80406999998,,
SELL,2022-06-10 06:30:00,1844.66,,-9.789999999999964,10703.01406999998
BUY,2022-06-13 02:30:00,1862.48,10703.01406999998,,
SELL,2022-06-13 22:30:00,1819.31,,-43.17000000000007,10659.84406999998
BUY,2022-06-16 14:30:00,1827.81,10659.84406999998,,
SELL,2022-06-21 06:30:00,1835.12,,7.309999999999945,10667.154069999979
BUY,2022-06-23 06:30:00,1834.63,10667.154069999979,,
SELL,2022-06-23 14:30:00,1844.19,,9.559999999999945,10676.714069999978
BUY,2022-06-23 18:30:00,1826.69,10676.714069999978,,
SELL,2022-06-23 22:30:00,1822.57,,-4.120000000000118,10672.594069999977
BUY,2022-06-27 14:30:00,1828.38,10672.594069999977,,
SELL,2022-06-28 02:30:00,1824.71,,-3.6700000000000728,10668.924069999977
BUY,2022-07-05 10:30:00,1803.41,10668.924069999977,,
SELL,2022-07-05 18:30:00,1764.97,,-38.440000000000055,10630.484069999977
BUY,2022-07-18 22:30:00,1709.13,10630.484069999977,,
SELL,2022-07-19 10:30:00,1713.23,,4.099999999999909,10634.584069999977
BUY,2022-07-19 22:30:00,1711.55,10634.584069999977,,
SELL,2022-07-20 10:30:00,1712.83,,1.2799999999999727,10635.864069999978
BUY,2022-07-20 14:30:00,1709.38,10635.864069999978,,
SELL,2022-07-20 22:30:00,1696.55,,-12.830000000000155,10623.034069999978
BUY,2022-07-22 06:30:00,1715.77,10623.034069999978,,
SELL,2022-07-26 22:30:00,1717.15,,1.3800000000001091,10624.414069999977
BUY,2022-07-28 06:30:00,1738.69,10624.414069999977,,
SELL,2022-08-03 14:30:00,1766.72,,28.029999999999973,10652.444069999978
BUY,2022-08-04 18:30:00,1791.69,10652.444069999978,,
SELL,2022-08-08 10:30:00,1777.52,,-14.170000000000073,10638.274069999978
BUY,2022-08-08 22:30:00,1788.78,10638.274069999978,,
SELL,2022-08-11 22:30:00,1789.61,,0.8299999999999272,10639.104069999978
BUY,2022-08-12 22:30:00,1800.85,10639.104069999978,,
SELL,2022-08-15 18:30:00,1780.06,,-20.789999999999964,10618.314069999979
BUY,2022-08-24 06:30:00,1745.81,10618.314069999979,,
SELL,2022-08-26 22:30:00,1738.31,,-7.5,10610.814069999979
BUY,2022-09-05 06:30:00,1713.13,10610.814069999979,,
SELL,2022-09-07 02:30:00,1696.92,,-16.210000000000036,10594.60406999998
BUY,2022-09-08 06:30:00,1716.03,10594.60406999998,,
SELL,2022-09-13 22:30:00,1702.03,,-14.0,10580.60406999998
BUY,2022-09-20 14:30:00,1665.06,10580.60406999998,,
SELL,2022-09-20 22:30:00,1664.8,,-0.2599999999999909,10580.34406999998
BUY,2022-09-21 22:30:00,1673.69,10580.34406999998,,
SELL,2022-09-22 09:30:00,1666.49,,-7.2000000000000455,10573.144069999978
BUY,2022-09-23 05:30:00,1671.88,10573.144069999978,,
SELL,2022-09-23 17:30:00,1644.37,,-27.51000000000022,10545.634069999978
BUY,2022-09-29 01:30:00,1655.63,10545.634069999978,,
SELL,2022-10-07 09:30:00,1712.67,,57.039999999999964,10602.67406999998
BUY,2022-10-13 13:30:00,1648.46,10602.67406999998,,
SELL,2022-10-13 17:30:00,1671.35,,22.889999999999873,10625.564069999979
BUY,2022-10-24 01:30:00,1653.66,10625.564069999979,,
SELL,2022-10-28 17:30:00,1641.07,,-12.590000000000146,10612.974069999978
BUY,2022-11-02 01:30:00,1649.97,10612.974069999978,,
SELL,2022-11-03 09:30:00,1624.0,,-25.970000000000027,10587.004069999979
BUY,2022-11-04 17:30:00,1674.37,10587.004069999979,,
SELL,2022-11-17 10:30:00,1762.5,,88.13000000000011,10675.134069999978
BUY,2022-11-24 06:30:00,1755.16,10675.134069999978,,
SELL,2022-11-28 22:30:00,1741.23,,-13.930000000000064,10661.204069999978
BUY,2022-11-30 02:30:00,1753.23,10661.204069999978,,
SELL,2022-12-06 02:30:00,1771.69,,18.460000000000036,10679.664069999977
BUY,2022-12-08 06:30:00,1786.1,10679.664069999977,,
SELL,2022-12-12 22:30:00,1781.15,,-4.949999999999818,10674.714069999976
BUY,2022-12-13 18:30:00,1810.2,10674.714069999976,,
SELL,2022-12-15 14:30:00,1782.86,,-27.340000000000146,10647.374069999976
BUY,2022-12-19 14:30:00,1792.37,10647.374069999976,,
SELL,2022-12-23 02:30:00,1792.85,,0.4800000000000182,10647.854069999976
BUY,2022-12-27 18:30:00,1816.11,10647.854069999976,,
SELL,2023-01-06 02:30:00,1838.16,,22.050000000000182,10669.904069999975
BUY,2023-01-09 02:30:00,1879.02,10669.904069999975,,
SELL,2023-01-17 22:30:00,1908.53,,29.50999999999999,10699.414069999975
BUY,2023-01-19 22:30:00,1932.14,10699.414069999975,,
SELL,2023-01-27 06:30:00,1923.11,,-9.0300000000002,10690.384069999975
BUY,2023-02-01 10:30:00,1926.38,10690.384069999975,,
SELL,2023-02-03 06:30:00,1915.76,,-10.620000000000118,10679.764069999974
BUY,2023-02-08 18:30:00,1877.82,10679.764069999974,,
SELL,2023-02-10 06:30:00,1859.23,,-18.589999999999918,10661.174069999974
BUY,2023-02-20 10:30:00,1843.39,10661.174069999974,,
SELL,2023-02-21 22:30:00,1834.97,,-8.420000000000073,10652.754069999974
BUY,2023-02-28 22:30:00,1826.73,10652.754069999974,,
SELL,2023-03-07 18:30:00,1814.39,,-12.339999999999918,10640.414069999973
BUY,2023-03-10 06:30:00,1830.59,10640.414069999973,,
SELL,2023-03-22 01:30:00,1943.77,,113.18000000000006,10753.594069999974
BUY,2023-03-23 13:30:00,1983.96,10753.594069999974,,
SELL,2023-03-27 13:30:00,1949.08,,-34.88000000000011,10718.714069999973
BUY,2023-03-29 13:30:00,1965.62,10718.714069999973,,
SELL,2023-04-03 09:30:00,1966.01,,0.39000000000010004,10719.104069999972
BUY,2023-04-04 01:30:00,1978.17,10719.104069999972,,
SELL,2023-04-10 05:30:00,1994.41,,16.24000000000001,10735.344069999972
BUY,2023-04-12 05:30:00,2018.14,10735.344069999972,,
SELL,2023-04-17 05:30:00,2011.22,,-6.920000000000073,10728.424069999972
BUY,2023-04-20 21:30:00,2004.65,10728.424069999972,,
SELL,2023-04-21 17:30:00,1980.53,,-24.12000000000012,10704.304069999971
BUY,2023-04-25 13:30:00,1985.12,10704.304069999971,,
SELL,2023-04-27 17:30:00,1989.03,,3.910000000000082,10708.21406999997
BUY,2023-05-02 21:30:00,2016.58,10708.21406999997,,
SELL,2023-05-08 01:30:00,2016.95,,0.37000000000011823,10708.584069999972
BUY,2023-05-10 01:30:00,2032.77,10708.584069999972,,
SELL,2023-05-11 17:30:00,2013.87,,-18.90000000000009,10689.684069999972
BUY,2023-05-16 09:30:00,2009.46,10689.684069999972,,
SELL,2023-05-16 13:30:00,2007.53,,-1.9300000000000637,10687.754069999972
BUY,2023-05-22 09:30:00,1979.59,10687.754069999972,,
SELL,2023-05-23 09:30:00,1956.95,,-22.639999999999873,10665.114069999972
BUY,2023-05-24 05:30:00,1979.41,10665.114069999972,,
SELL,2023-05-25 01:30:00,1956.41,,-23.0,10642.114069999972
BUY,2023-05-30 21:30:00,1959.33,10642.114069999972,,
SELL,2023-06-05 01:30:00,1947.44,,-11.889999999999873,10630.224069999973
BUY,2023-06-07 05:30:00,1963.08,10630.224069999973,,
SELL,2023-06-08 05:30:00,1945.82,,-17.25999999999999,10612.964069999973
BUY,2023-06-09 05:30:00,1964.67,10612.964069999973,,
SELL,2023-06-13 05:30:00,1958.32,,-6.350000000000136,10606.614069999972
BUY,2023-06-16 05:30:00,1958.0,10606.614069999972,,
SELL,2023-06-20 01:30:00,1946.89,,-11.1099999999999,10595.504069999972
BUY,2023-06-26 17:30:00,1924.45,10595.504069999972,,
SELL,2023-06-28 01:30:00,1914.99,,-9.460000000000036,10586.04406999997
BUY,2023-06-30 21:30:00,1918.68,10586.04406999997,,
SELL,2023-07-06 05:30:00,1920.03,,1.349999999999909,10587.394069999971
BUY,2023-07-10 01:30:00,1924.86,10587.394069999971,,
SELL,2023-07-17 17:30:00,1955.14,,30.2800000000002,10617.674069999972
BUY,2023-07-18 13:30:00,1971.2,10617.674069999972,,
SELL,2023-07-21 09:30:00,1963.88,,-7.319999999999936,10610.354069999972
BUY,2023-07-26 13:30:00,1966.58,10610.354069999972,,
SELL,2023-07-28 01:30:00,1950.89,,-15.689999999999827,10594.664069999972
BUY,2023-07-31 21:30:00,1965.27,10594.664069999972,,
SELL,2023-08-01 21:30:00,1943.96,,-21.309999999999945,10573.354069999972
BUY,2023-08-07 05:30:00,1936.51,10573.354069999972,,
SELL,2023-08-07 21:30:00,1936.4,,-0.10999999999989996,10573.244069999972
BUY,2023-08-22 05:30:00,1895.31,10573.244069999972,,
SELL,2023-08-28 13:30:00,1918.07,,22.75999999999999,10596.004069999972
BUY,2023-08-28 21:30:00,1920.04,10596.004069999972,,
SELL,2023-09-04 13:30:00,1938.14,,18.100000000000136,10614.104069999972
BUY,2023-09-08 17:30:00,1920.36,10614.104069999972,,
SELL,2023-09-12 13:30:00,1909.12,,-11.240000000000009,10602.864069999972
BUY,2023-09-15 13:30:00,1924.49,10602.864069999972,,
SELL,2023-09-21 13:30:00,1916.39,,-8.099999999999909,10594.764069999972
BUY,2023-10-06 21:30:00,1831.91,10594.764069999972,,
SELL,2023-10-24 17:30:00,1975.78,,143.8699999999999,10738.634069999971
BUY,2023-10-25 21:30:00,1979.47,10738.634069999971,,
SELL,2023-11-01 01:30:00,1979.47,,0.0,10738.634069999971
BUY,2023-11-03 13:30:00,1995.25,10738.634069999971,,
SELL,2023-11-06 22:30:00,1977.81,,-17.440000000000055,10721.19406999997
BUY,2023-11-14 18:30:00,1962.63,10721.19406999997,,
SELL,2023-11-24 06:30:00,1993.51,,30.87999999999988,10752.07406999997
BUY,2023-11-27 02:30:00,2011.24,10752.07406999997,,
SELL,2023-12-05 06:30:00,2033.39,,22.15000000000009,10774.22406999997
BUY,2023-12-07 22:30:00,2028.58,10774.22406999997,,
SELL,2023-12-08 22:30:00,2003.57,,-25.00999999999999,10749.214069999969
BUY,2023-12-14 02:30:00,2032.66,10749.214069999969,,
SELL,2023-12-18 14:30:00,2024.11,,-8.550000000000182,10740.66406999997
BUY,2023-12-19 22:30:00,2040.09,10740.66406999997,,
SELL,2023-12-29 14:30:00,2062.83,,22.74000000000001,10763.40406999997
BUY,2024-01-11 18:30:00,2016.98,10763.40406999997,,
SELL,2024-01-11 22:30:00,2028.67,,11.690000000000055,10775.09406999997
BUY,2024-01-12 14:30:00,2055.85,10775.09406999997,,
SELL,2024-01-16 22:30:00,2027.92,,-27.929999999999836,10747.16406999997
BUY,2024-01-19 14:30:00,2029.61,10747.16406999997,,
SELL,2024-01-24 06:30:00,2025.93,,-3.6799999999998363,10743.48406999997
BUY,2024-01-24 14:30:00,2024.65,10743.48406999997,,
SELL,2024-01-24 22:30:00,2013.54,,-11.110000000000127,10732.374069999969
BUY,2024-01-29 10:30:00,2027.4,10732.374069999969,,
SELL,2024-02-05 06:30:00,2030.76,,3.3599999999999,10735.73406999997
BUY,2024-02-07 14:30:00,2042.36,10735.73406999997,,
SELL,2024-02-09 10:30:00,2032.71,,-9.649999999999864,10726.08406999997
BUY,2024-02-09 14:30:00,2025.2,10726.08406999997,,
SELL,2024-02-09 18:30:00,2023.64,,-1.5599999999999454,10724.52406999997
BUY,2024-02-16 06:30:00,2003.66,10724.52406999997,,
SELL,2024-02-23 06:30:00,2020.8,,17.139999999999873,10741.66406999997
BUY,2024-02-23 22:30:00,2035.89,10741.66406999997,,
SELL,2024-02-28 14:30:00,2031.67,,-4.220000000000027,10737.44406999997
BUY,2024-02-29 06:30:00,2036.76,10737.44406999997,,
SELL,2024-03-12 21:30:00,2157.92,,121.16000000000008,10858.60406999997
BUY,2024-03-14 09:30:00,2169.92,10858.60406999997,,
SELL,2024-03-14 21:30:00,2162.01,,-7.9099999999998545,10850.69406999997
BUY,2024-03-20 17:30:00,2156.62,10850.69406999997,,
SELL,2024-03-22 21:30:00,2165.37,,8.75,10859.44406999997
BUY,2024-03-26 17:30:00,2176.66,10859.44406999997,,
SELL,2024-04-11 05:30:00,2341.86,,165.20000000000027,11024.644069999971
BUY,2024-04-12 01:30:00,2390.7,11024.644069999971,,
SELL,2024-04-15 13:30:00,2348.61,,-42.08999999999969,10982.554069999971
BUY,2024-04-16 01:30:00,2383.64,10982.554069999971,,
SELL,2024-04-18 13:30:00,2379.62,,-4.019999999999982,10978.53406999997
BUY,2024-04-18 21:30:00,2379.27,10978.53406999997,,
SELL,2024-04-22 09:30:00,2361.1,,-18.170000000000073,10960.36406999997
BUY,2024-04-25 21:30:00,2332.25,10960.36406999997,,
SELL,2024-04-30 13:30:00,2307.47,,-24.7800000000002,10935.58406999997
BUY,2024-05-03 13:30:00,2289.21,10935.58406999997,,
SELL,2024-05-03 17:30:00,2301.95,,12.739999999999782,10948.32406999997
BUY,2024-05-06 09:30:00,2321.09,10948.32406999997,,
SELL,2024-05-08 13:30:00,2309.95,,-11.140000000000327,10937.18406999997
BUY,2024-05-09 21:30:00,2346.05,10937.18406999997,,
SELL,2024-05-14 05:30:00,2344.63,,-1.4200000000000728,10935.76406999997
BUY,2024-05-15 01:30:00,2357.44,10935.76406999997,,
SELL,2024-05-22 17:30:00,2387.67,,30.230000000000018,10965.99406999997
BUY,2024-05-28 01:30:00,2354.65,10965.99406999997,,
SELL,2024-05-30 01:30:00,2333.96,,-20.690000000000055,10945.30406999997
BUY,2024-06-04 05:30:00,2347.61,10945.30406999997,,
SELL,2024-06-04 21:30:00,2326.76,,-20.84999999999991,10924.454069999969
BUY,2024-06-05 21:30:00,2355.22,10924.454069999969,,
SELL,2024-06-07 21:30:00,2291.43,,-63.789999999999964,10860.66406999997
BUY,2024-06-12 09:30:00,2313.95,10860.66406999997,,
SELL,2024-06-13 21:30:00,2303.87,,-10.079999999999927,10850.58406999997
BUY,2024-06-14 21:30:00,2332.12,10850.58406999997,,
SELL,2024-06-24 05:30:00,2325.04,,-7.079999999999927,10843.50406999997
BUY,2024-06-28 01:30:00,2320.22,10843.50406999997,,
SELL,2024-07-09 05:30:00,2364.49,,44.26999999999998,10887.77406999997
BUY,2024-07-10 21:30:00,2370.9,10887.77406999997,,
SELL,2024-07-19 05:30:00,2423.3,,52.40000000000009,10940.17406999997
BUY,2024-07-24 09:30:00,2413.34,10940.17406999997,,
SELL,2024-07-25 09:30:00,2373.6,,-39.74000000000024,10900.43406999997
BUY,2024-07-29 09:30:00,2392.73,10900.43406999997,,
SELL,2024-08-05 13:30:00,2392.55,,-0.1799999999998363,10900.25406999997
BUY,2024-08-08 21:30:00,2427.42,10900.25406999997,,
SELL,2024-08-15 05:30:00,2453.81,,26.389999999999873,10926.64406999997
BUY,2024-08-16 17:30:00,2499.64,10926.64406999997,,
SELL,2024-08-22 05:30:00,2505.39,,5.75,10932.39406999997
BUY,2024-08-22 13:30:00,2487.72,10932.39406999997,,
SELL,2024-08-22 17:30:00,2482.15,,-5.569999999999709,10926.82406999997
BUY,2024-08-26 05:30:00,2510.31,10926.82406999997,,
SELL,2024-08-28 21:30:00,2504.46,,-5.849999999999909,10920.97406999997
BUY,2024-08-29 17:30:00,2525.75,10920.97406999997,,
SELL,2024-08-30 21:30:00,2502.32,,-23.429999999999836,10897.544069999969
BUY,2024-09-05 09:30:00,2515.4,10897.544069999969,,
SELL,2024-09-09 09:30:00,2496.37,,-19.0300000000002,10878.514069999968
BUY,2024-09-10 21:30:00,2516.62,10878.514069999968,,
SELL,2024-09-18 01:30:00,2572.13,,55.51000000000022,10934.024069999969
BUY,2024-09-19 21:30:00,2586.67,10934.024069999969,,
SELL,2024-09-30 01:30:00,2652.57,,65.90000000000009,10999.924069999968
BUY,2024-10-02 01:30:00,2660.49,10999.924069999968,,
SELL,2024-10-04 01:30:00,2658.15,,-2.3399999999996908,10997.584069999968
BUY,2024-10-04 09:30:00,2657.41,10997.584069999968,,
SELL,2024-10-07 05:30:00,2640.69,,-16.7199999999998,10980.864069999969
BUY,2024-10-11 05:30:00,2644.6,10980.864069999969,,
SELL,2024-10-24 05:30:00,2728.83,,84.23000000000002,11065.094069999968
BUY,2024-10-25 01:30:00,2729.9,11065.094069999968,,
SELL,2024-10-25 09:30:00,2721.11,,-8.789999999999964,11056.30406999997
BUY,2024-10-28 05:30:00,2738.3,11056.30406999997,,
SELL,2024-11-01 01:30:00,2749.7,,11.399999999999636,11067.704069999969
BUY,2024-11-18 14:30:00,2608.06,11067.704069999969,,
SELL,2024-11-25 22:30:00,2625.11,,17.050000000000182,11084.75406999997
BUY,2024-11-28 18:30:00,2639.95,11084.75406999997,,
SELL,2024-12-02 10:30:00,2635.71,,-4.239999999999782,11080.51406999997
BUY,2024-12-04 02:30:00,2645.74,11080.51406999997,,
SELL,2024-12-05 22:30:00,2631.84,,-13.899999999999636,11066.61406999997
BUY,2024-12-09 14:30:00,2673.98,11066.61406999997,,
SELL,2024-12-13 06:30:00,2689.49,,15.509999999999764,11082.12406999997
BUY,2024-12-23 06:30:00,2631.42,11082.12406999997,,
SELL,2024-12-30 06:30:00,2619.03,,-12.389999999999873,11069.734069999971
BUY,2025-01-02 10:30:00,2642.69,11069.734069999971,,
SELL,2025-01-06 18:30:00,2634.55,,-8.139999999999873,11061.594069999972
BUY,2025-01-07 22:30:00,2648.61,11061.594069999972,,
SELL,2025-01-14 02:30:00,2670.35,,21.73999999999978,11083.334069999972
BUY,2025-01-15 14:30:00,2681.97,11083.334069999972,,
SELL,2025-01-27 18:30:00,2736.79,,54.820000000000164,11138.154069999971
BUY,2025-01-29 10:30:00,2757.97,11138.154069999971,,
SELL,2025-02-12 18:30:00,2900.79,,142.82000000000016,11280.974069999971
BUY,2025-02-13 06:30:00,2915.75,11280.974069999971,,
SELL,2025-02-17 06:30:00,2896.41,,-19.340000000000146,11261.634069999971
BUY,2025-02-18 22:30:00,2935.38,11261.634069999971,,
SELL,2025-02-21 18:30:00,2941.71,,6.329999999999927,11267.96406999997
BUY,2025-02-24 10:30:00,2938.11,11267.96406999997,,
SELL,2025-02-25 22:30:00,2914.85,,-23.26000000000022,11244.70406999997
BUY,2025-03-04 02:30:00,2885.33,11244.70406999997,,
SELL,2025-03-10 09:30:00,2911.12,,25.789999999999964,11270.494069999972
BUY,2025-03-12 01:30:00,2914.68,11270.494069999972,,
SELL,2025-03-21 17:30:00,3013.59,,98.91000000000031,11369.404069999971
BUY,2025-03-26 05:30:00,3022.67,11369.404069999971,,
SELL,2025-03-27 01:30:00,3023.56,,0.8899999999998727,11370.29406999997
BUY,2025-03-27 09:30:00,3039.96,11370.29406999997,,
SELL,2025-04-03 21:30:00,3115.05,,75.09000000000015,11445.384069999971
BUY,2025-04-09 17:30:00,3058.85,11445.384069999971,,
SELL,2025-04-23 09:30:00,3317.6,,258.75,11704.134069999971
BUY,2025-04-29 05:30:00,3309.87,11704.134069999971,,
SELL,2025-04-30 17:30:00,3305.24,,-4.630000000000109,11699.50406999997
BUY,2025-05-05 13:30:00,3314.93,11699.50406999997,,
SELL,2025-05-08 17:30:00,3308.23,,-6.699999999999818,11692.80406999997
BUY,2025-05-16 09:30:00,3209.15,11692.80406999997,,
SELL,2025-05-16 21:30:00,3198.67,,-10.480000000000018,11682.32406999997
BUY,2025-05-19 09:30:00,3241.95,11682.32406999997,,
SELL,2025-05-27 17:30:00,3301.18,,59.23000000000002,11741.55406999997
BUY,2025-05-30 05:30:00,3303.65,11741.55406999997,,
SELL,2025-05-30 21:30:00,3291.99,,-11.66000000000031,11729.89406999997
BUY,2025-06-02 13:30:00,3370.28,11729.89406999997,,
SELL,2025-06-06 09:30:00,3356.63,,-13.650000000000091,11716.24406999997
BUY,2025-06-11 05:30:00,3339.68,11716.24406999997,,
SELL,2025-06-17 05:30:00,3392.53,,52.850000000000364,11769.09406999997
BUY,2025-06-24 01:30:00,3347.55,11769.09406999997,,
SELL,2025-06-24 09:30:00,3318.35,,-29.200000000000273,11739.89406999997
BUY,2025-07-01 09:30:00,3345.72,11739.89406999997,,
SELL,2025-07-04 05:30:00,3339.47,,-6.25,11733.64406999997
BUY,2025-07-08 13:30:00,3315.1,11733.64406999997,,
SELL,2025-07-08 17:30:00,3306.29,,-8.809999999999945,11724.83406999997
BUY,2025-07-10 13:30:00,3312.74,11724.83406999997,,
SELL,2025-07-16 01:30:00,3330.85,,18.110000000000127,11742.94406999997
BUY,2025-07-18 13:30:00,3355.15,11742.94406999997,,
SELL,2025-07-24 09:30:00,3363.55,,8.400000000000091,11751.34406999997
BUY,2025-08-01 21:30:00,3362.53,11751.34406999997,,
SELL,2025-08-11 13:30:00,3358.49,,-4.040000000000418,11747.30406999997
BUY,2025-08-14 05:30:00,3358.74,11747.30406999997,,
SELL,2025-08-15 01:30:00,3339.52,,-19.2199999999998,11728.08406999997
BUY,2025-08-21 01:30:00,3342.78,11728.08406999997,,
SELL,2025-08-22 17:30:00,3374.11,,31.329999999999927,11759.41406999997
BUY,2025-08-22 21:30:00,3371.58,11759.41406999997,,
SELL,2025-09-11 13:30:00,3630.16,,258.5799999999999,12017.99406999997
BUY,2025-09-12 13:30:00,3650.02,12017.99406999997,,
SELL,2025-09-18 05:30:00,3651.47,,1.449999999999818,12019.444069999969
BUY,2025-09-22 01:30:00,3689.17,12019.444069999969,,
SELL,2025-09-25 09:30:00,3756.83,,67.65999999999985,12087.104069999968
BUY,2025-09-26 21:30:00,3762.2,12087.104069999968,,
