date,time,day_of_week,type,entry,stop_loss,distance,max_profit,reward_risk,candles_held,close_reason,hour
2010-09-22,21:30:00,Wednesday,Sell,1291.0,1292.5,1.5,1.5,1.0,1,Stop Loss,21
2018-03-13,21:30:00,Tuesday,Sell,1325.97,1327.96,1.99,2.07,1.04,2,Stop Loss,21
2019-09-27,21:30:00,Friday,Sell,1496.46,1500.04,3.58,3.74,1.04,1,Stop Loss,21
2019-10-28,21:30:00,Monday,Sell,1492.1,1494.0,1.9,2.04,1.07,3,Stop Loss,21
2024-03-25,21:30:00,Monday,Sell,2171.32,2174.84,3.52,3.8,1.08,3,Stop Loss,21
2023-05-25,21:30:00,Thursday,Sell,1940.81,1944.64,3.83,4.17,1.09,1,Stop Loss,21
2023-09-21,21:30:00,Thursday,Sell,1919.83,1921.35,1.52,1.66,1.09,1,Stop Loss,21
2018-10-23,21:30:00,Tuesday,Sell,1229.78,1233.66,3.88,4.28,1.1,6,Stop Loss,21
2021-10-15,21:30:00,Friday,Sell,1766.9,1768.97,2.07,2.28,1.1,1,Stop Loss,21
2014-09-30,21:30:00,Tuesday,Sell,1207.7,1210.62,2.92,3.2,1.1,4,Stop Loss,21
2024-06-18,21:30:00,Tuesday,Sell,2329.14,2331.61,2.47,2.77,1.12,2,Stop Loss,21
2018-10-17,21:30:00,Wednesday,Sell,1221.89,1224.81,2.92,3.33,1.14,4,Stop Loss,21
2015-09-22,21:30:00,Tuesday,Sell,1124.2,1126.33,2.13,2.42,1.14,3,Stop Loss,21
2016-10-17,21:30:00,Monday,Sell,1255.2,1256.53,1.33,1.53,1.15,1,Stop Loss,21
2024-11-01,21:30:00,Friday,Sell,2734.27,2738.13,3.86,4.48,1.16,1,Stop Loss,21
2024-04-24,21:30:00,Wednesday,Sell,2315.55,2324.81,9.26,10.83,1.17,3,Stop Loss,21
2023-03-15,21:30:00,Wednesday,Sell,1917.71,1926.43,8.72,10.29,1.18,4,Stop Loss,21
2013-10-07,21:30:00,Monday,Sell,1322.62,1324.32,1.7,2.03,1.19,1,Stop Loss,21
2015-09-30,21:30:00,Wednesday,Sell,1114.3,1117.1,2.8,3.34,1.19,4,Stop Loss,21
2018-11-01,21:30:00,Thursday,Sell,1233.01,1234.86,1.85,2.22,1.2,3,Stop Loss,21
2012-10-10,21:30:00,Wednesday,Sell,1761.95,1764.8,2.85,3.45,1.21,2,Stop Loss,21
2009-09-30,21:30:00,Wednesday,Sell,1007.22,1009.1,1.88,2.32,1.23,1,Stop Loss,21
2023-06-22,21:30:00,Thursday,Sell,1913.75,1916.73,2.98,3.71,1.24,2,Stop Loss,21
2025-03-11,21:30:00,Tuesday,Sell,2915.86,2921.41,5.55,7.04,1.27,3,Stop Loss,21
2021-10-19,21:30:00,Tuesday,Sell,1769.13,1771.0,1.87,2.41,1.29,1,Stop Loss,21
2025-06-06,21:30:00,Friday,Sell,3310.84,3324.12,13.28,17.14,1.29,3,Stop Loss,21
2025-04-08,21:30:00,Tuesday,Sell,2982.78,2992.64,9.86,12.96,1.31,1,Stop Loss,21
2025-09-05,21:30:00,Friday,Sell,3589.67,3597.38,7.71,10.07,1.31,3,Stop Loss,21
2023-10-30,21:30:00,Monday,Sell,1995.93,1999.99,4.06,5.49,1.35,4,Stop Loss,21
2011-10-14,21:30:00,Friday,Sell,1680.4,1683.5,3.1,4.2,1.35,1,Stop Loss,21
2017-10-18,21:30:00,Wednesday,Sell,1279.68,1282.18,2.5,3.39,1.36,3,Stop Loss,21
2013-10-25,21:30:00,Friday,Sell,1351.05,1353.68,2.63,3.59,1.37,1,Stop Loss,21
2023-07-04,21:30:00,Tuesday,Sell,1924.99,1926.13,1.14,1.59,1.39,1,Stop Loss,21
2019-09-23,21:30:00,Monday,Sell,1521.71,1526.2,4.49,6.23,1.39,5,Stop Loss,21
2023-07-21,21:30:00,Friday,Sell,1961.64,1964.39,2.75,3.87,1.41,3,Stop Loss,21
2021-10-08,21:30:00,Friday,Sell,1756.24,1760.27,4.03,5.69,1.41,1,Stop Loss,21
2025-08-12,21:30:00,Tuesday,Sell,3347.46,3350.96,3.5,4.96,1.42,1,Stop Loss,21
2021-09-30,21:30:00,Thursday,Sell,1754.89,1758.56,3.67,5.25,1.43,4,Stop Loss,21
2009-10-23,21:30:00,Friday,Sell,1054.65,1056.65,2.0,2.9,1.45,1,Stop Loss,21
2023-07-14,21:30:00,Friday,Sell,1954.85,1961.14,6.29,9.21,1.46,8,Stop Loss,21
2021-11-01,21:30:00,Monday,Sell,1792.52,1794.86,2.34,3.41,1.46,3,Stop Loss,21
2016-10-26,21:30:00,Wednesday,Sell,1266.42,1267.39,0.97,1.42,1.46,2,Stop Loss,21
2020-10-30,21:30:00,Friday,Sell,1878.26,1881.63,3.37,4.96,1.47,1,Stop Loss,21
2013-10-23,21:30:00,Wednesday,Sell,1332.72,1334.43,1.71,2.51,1.47,1,Stop Loss,21
2025-08-28,21:30:00,Thursday,Sell,3415.68,3423.29,7.61,11.44,1.5,4,Stop Loss,21
2015-10-14,21:30:00,Wednesday,Sell,1183.65,1189.87,6.22,9.42,1.51,4,Stop Loss,21
2024-07-12,21:30:00,Friday,Sell,2411.43,2418.12,6.69,10.19,1.52,4,Stop Loss,21
2023-06-14,21:30:00,Wednesday,Sell,1942.15,1953.76,11.61,17.69,1.52,5,Stop Loss,21
2013-10-03,21:30:00,Thursday,Sell,1316.23,1321.57,5.34,8.3,1.55,4,Stop Loss,21
2017-10-05,21:30:00,Thursday,Sell,1266.96,1271.12,4.16,6.44,1.55,5,Stop Loss,21
2020-03-12,21:30:00,Thursday,Sell,1578.09,1595.44,17.35,26.9,1.55,4,Stop Loss,21
2023-09-29,21:30:00,Friday,Sell,1848.24,1851.05,2.81,4.37,1.56,1,Stop Loss,21
2024-04-04,21:30:00,Thursday,Sell,2290.84,2305.72,14.88,23.2,1.56,5,Stop Loss,21
2009-10-21,21:30:00,Wednesday,Sell,1058.65,1063.4,4.75,7.46,1.57,8,Stop Loss,21
2024-08-29,21:30:00,Thursday,Sell,2520.91,2526.48,5.57,8.84,1.59,3,Stop Loss,21
2019-10-23,21:30:00,Wednesday,Sell,1491.57,1493.88,2.31,3.69,1.6,4,Stop Loss,21
2023-09-08,21:30:00,Friday,Sell,1919.05,1920.8,1.75,2.82,1.61,1,Stop Loss,21
2024-10-28,21:30:00,Monday,Sell,2742.11,2743.62,1.51,2.49,1.65,1,Stop Loss,21
2023-09-11,21:30:00,Monday,Sell,1922.11,1923.23,1.12,1.85,1.65,1,Stop Loss,21
2018-10-16,21:30:00,Tuesday,Sell,1224.41,1226.77,2.36,3.9,1.65,3,Stop Loss,21
2023-09-22,21:30:00,Friday,Sell,1924.84,1926.05,1.21,2.03,1.68,1,Stop Loss,21
2025-08-25,21:30:00,Monday,Sell,3365.3,3373.43,8.13,13.9,1.71,1,Stop Loss,21
2023-05-31,21:30:00,Wednesday,Sell,1962.43,1967.7,5.27,9.17,1.74,4,Stop Loss,21
2014-10-06,21:30:00,Monday,Sell,1206.78,1209.06,2.28,3.96,1.74,3,Stop Loss,21
2023-03-29,21:30:00,Wednesday,Sell,1964.16,1969.22,5.06,8.88,1.75,3,Stop Loss,21
2019-10-21,21:30:00,Monday,Sell,1484.04,1485.91,1.87,3.31,1.77,3,Stop Loss,21
2020-03-18,21:30:00,Wednesday,Sell,1485.65,1503.3,17.65,31.19,1.77,9,Stop Loss,21
2010-10-07,21:30:00,Thursday,Sell,1333.22,1337.97,4.75,8.45,1.78,4,Stop Loss,21
2013-09-25,21:30:00,Wednesday,Sell,1333.9,1336.88,2.98,5.31,1.78,3,Stop Loss,21
2010-10-04,21:30:00,Monday,Sell,1314.92,1316.4,1.48,2.67,1.8,2,Stop Loss,21
2022-10-11,21:30:00,Tuesday,Sell,1666.09,1679.17,13.08,23.86,1.82,10,Stop Loss,21
2020-10-12,21:30:00,Monday,Sell,1921.61,1924.4,2.79,5.13,1.84,1,Stop Loss,21
2014-10-24,21:30:00,Friday,Sell,1230.17,1231.73,1.56,2.89,1.85,1,Stop Loss,21
2024-08-06,21:30:00,Tuesday,Sell,2390.23,2396.19,5.96,11.29,1.89,3,Stop Loss,21
2025-05-22,21:30:00,Thursday,Sell,3294.81,3298.98,4.17,7.91,1.9,1,Stop Loss,21
2020-03-19,21:30:00,Thursday,Sell,1471.69,1480.67,8.98,17.23,1.92,1,Stop Loss,21
2023-05-18,21:30:00,Thursday,Sell,1957.3,1959.05,1.75,3.36,1.92,1,Stop Loss,21
2024-06-28,21:30:00,Friday,Sell,2325.11,2328.58,3.47,6.71,1.93,3,Stop Loss,21
2023-07-05,21:30:00,Wednesday,Sell,1915.0,1921.44,6.44,12.49,1.94,4,Stop Loss,21
2016-03-14,21:30:00,Monday,Sell,1234.7,1239.38,4.68,9.18,1.96,12,Stop Loss,21
2025-09-22,21:30:00,Monday,Sell,3745.33,3748.96,3.63,7.12,1.96,1,Stop Loss,21
2020-09-25,21:30:00,Friday,Sell,1860.69,1866.9,6.21,12.2,1.96,4,Stop Loss,21
2024-04-16,21:30:00,Tuesday,Sell,2382.19,2396.5,14.31,28.21,1.97,13,Stop Loss,21
2020-10-05,21:30:00,Monday,Sell,1912.56,1915.63,3.07,6.06,1.97,4,Stop Loss,21
2025-06-09,21:30:00,Monday,Sell,3325.25,3337.12,11.87,23.42,1.97,4,Stop Loss,21
2025-06-26,21:30:00,Thursday,Sell,3327.85,3334.95,7.1,81.01,11.41,15,Stop Loss,21
2015-09-25,21:30:00,Friday,Sell,1145.24,1148.73,3.49,40.75,11.68,41,Stop Loss,21
2012-11-01,21:30:00,Thursday,Sell,1713.73,1717.22,3.49,41.23,11.81,17,Stop Loss,21
2013-10-08,21:30:00,Tuesday,Sell,1318.64,1324.26,5.62,67.1,11.94,41,Stop Loss,21
2024-05-20,21:30:00,Monday,Sell,2426.03,2437.5,11.47,139.39,12.15,239,Stop Loss,21
2025-07-23,21:30:00,Wednesday,Sell,3386.45,3396.15,9.7,118.56,12.22,63,Stop Loss,21
2023-04-05,21:30:00,Wednesday,Sell,2020.28,2023.42,3.14,38.71,12.33,22,Stop Loss,21
2024-04-19,21:30:00,Friday,Sell,2389.64,2398.35,8.71,112.56,12.92,118,Stop Loss,21
2023-04-20,21:30:00,Thursday,Sell,2004.45,2006.96,2.51,32.96,13.13,22,Stop Loss,21
2021-11-02,21:30:00,Tuesday,Sell,1786.42,1788.45,2.03,27.76,13.67,10,Stop Loss,21
2022-10-07,21:30:00,Friday,Sell,1694.91,1700.61,5.7,78.4,13.75,131,Stop Loss,21
2025-05-23,21:30:00,Friday,Sell,3357.92,3366.04,8.12,112.68,13.88,34,Stop Loss,21
2025-05-09,21:30:00,Friday,Sell,3328.74,3343.05,14.31,207.88,14.53,50,Stop Loss,21
2013-10-30,21:30:00,Wednesday,Sell,1343.92,1354.86,10.94,165.06,15.09,548,Stop Loss,21
2025-07-24,21:30:00,Thursday,Sell,3367.79,3373.56,5.77,99.9,17.31,40,Stop Loss,21
2009-03-16,21:30:00,Monday,Sell,922.95,925.1,2.15,39.05,18.16,12,Stop Loss,21
2025-06-17,21:30:00,Tuesday,Sell,3387.98,3392.63,4.65,9.32,2.0,1,Stop Loss,21
2009-10-26,21:30:00,Monday,Sell,1038.4,1044.15,5.75,11.81,2.05,17,Stop Loss,21
2023-06-01,21:30:00,Thursday,Sell,1977.25,1978.86,1.61,3.32,2.06,2,Stop Loss,21
2025-09-12,21:30:00,Friday,Sell,3642.1,3649.65,7.55,15.67,2.08,4,Stop Loss,21
2023-10-03,21:30:00,Tuesday,Sell,1822.66,1825.59,2.93,6.12,2.09,4,Stop Loss,21
2018-09-26,21:30:00,Wednesday,Sell,1194.03,1200.32,6.29,13.39,2.13,22,Stop Loss,21
2025-07-18,21:30:00,Friday,Sell,3350.77,3353.48,2.71,5.83,2.15,1,Stop Loss,21
2024-05-29,21:30:00,Wednesday,Sell,2337.48,2344.42,6.94,14.99,2.16,4,Stop Loss,21
2013-10-09,21:30:00,Wednesday,Sell,1305.13,1310.19,5.06,11.16,2.21,4,Stop Loss,21
2022-03-15,21:30:00,Tuesday,Sell,1917.53,1927.78,10.25,22.64,2.21,6,Stop Loss,21
2012-03-13,21:30:00,Tuesday,Sell,1673.55,1694.15,20.6,45.64,2.22,57,Stop Loss,21
2019-10-17,21:30:00,Thursday,Sell,1491.0,1495.6,4.6,10.27,2.23,22,Stop Loss,21
2013-10-14,21:30:00,Monday,Sell,1271.98,1281.05,9.07,20.44,2.25,6,Stop Loss,21
2023-08-24,21:30:00,Thursday,Sell,1916.51,1918.18,1.67,3.8,2.28,4,Stop Loss,21
2021-09-22,21:30:00,Wednesday,Sell,1767.43,1787.36,19.93,45.91,2.3,89,Stop Loss,21
2013-10-29,21:30:00,Tuesday,Sell,1344.44,1346.9,2.46,5.67,2.3,3,Stop Loss,21
2025-09-03,21:30:00,Wednesday,Sell,3558.25,3578.66,20.41,47.14,2.31,10,Stop Loss,21
2016-10-20,21:30:00,Thursday,Sell,1265.3,1267.14,1.84,4.26,2.32,4,Stop Loss,21
2016-11-02,21:30:00,Wednesday,Sell,1296.08,1308.09,12.01,28.18,2.35,25,Stop Loss,21
2025-06-03,21:30:00,Tuesday,Sell,3352.84,3355.57,2.73,6.44,2.36,1,Stop Loss,21
2023-06-02,21:30:00,Friday,Sell,1947.98,1952.17,4.19,10.0,2.39,5,Stop Loss,21
2025-05-28,21:30:00,Wednesday,Sell,3286.23,3303.1,16.87,40.99,2.43,4,Stop Loss,21
2025-09-23,21:30:00,Tuesday,Sell,3762.85,3781.48,18.63,45.46,2.44,17,Stop Loss,21
2023-06-28,21:30:00,Wednesday,Sell,1907.37,1913.27,5.9,14.49,2.46,10,Stop Loss,21
2025-07-08,21:30:00,Tuesday,Sell,3300.96,3308.32,7.36,18.19,2.47,5,Stop Loss,21
2025-08-18,21:30:00,Monday,Sell,3332.07,3334.43,2.36,5.93,2.51,1,Stop Loss,21
2014-10-17,21:30:00,Friday,Sell,1238.04,1239.42,1.38,3.54,2.57,1,Stop Loss,21
2020-10-19,21:30:00,Monday,Sell,1903.62,1907.23,3.61,9.27,2.57,3,Stop Loss,21
2009-10-12,21:30:00,Monday,Sell,1056.7,1058.85,2.15,5.6,2.6,3,Stop Loss,21
2020-10-02,21:30:00,Friday,Sell,1899.88,1904.73,4.85,12.93,2.67,4,Stop Loss,21
2011-10-24,21:30:00,Monday,Sell,1653.21,1656.94,3.73,9.98,2.68,2,Stop Loss,21
2023-10-31,21:30:00,Tuesday,Sell,1983.66,1986.85,3.19,8.58,2.69,4,Stop Loss,21
2023-06-09,21:30:00,Friday,Sell,1960.55,1962.9,2.35,6.38,2.71,3,Stop Loss,21
2020-10-14,21:30:00,Wednesday,Sell,1900.6,1904.7,4.1,11.23,2.74,5,Stop Loss,21
2025-09-10,21:30:00,Wednesday,Sell,3639.77,3649.8,10.03,27.5,2.74,8,Stop Loss,21
2012-10-09,21:30:00,Tuesday,Sell,1763.85,1766.4,2.55,7.05,2.76,4,Stop Loss,21
2023-08-14,21:30:00,Monday,Sell,1906.87,1910.7,3.83,10.62,2.77,5,Stop Loss,21
2019-03-19,21:30:00,Tuesday,Sell,1306.11,1307.76,1.65,4.58,2.78,4,Stop Loss,21
2023-05-24,21:30:00,Wednesday,Sell,1956.55,1965.37,8.82,24.6,2.79,28,Stop Loss,21
2010-09-29,21:30:00,Wednesday,Sell,1309.5,1310.7,1.2,3.35,2.79,3,Stop Loss,21
2014-10-15,21:30:00,Wednesday,Sell,1241.55,1242.75,1.2,3.37,2.81,1,Stop Loss,21
2020-10-27,21:30:00,Tuesday,Sell,1907.15,1909.96,2.81,7.95,2.83,3,Stop Loss,21
2022-10-13,21:30:00,Thursday,Sell,1666.0,1671.61,5.61,15.98,2.85,3,Stop Loss,21
2024-09-16,21:30:00,Monday,Sell,2582.26,2583.58,1.32,3.8,2.88,1,Stop Loss,21
2022-10-20,21:30:00,Thursday,Sell,1627.65,1631.3,3.65,10.55,2.89,4,Stop Loss,21
2023-03-14,21:30:00,Tuesday,Sell,1903.67,1909.89,6.22,18.03,2.9,4,Stop Loss,21
2010-09-27,21:30:00,Monday,Sell,1293.95,1297.7,3.75,10.95,2.92,5,Stop Loss,21
2015-09-28,21:30:00,Monday,Sell,1131.46,1133.98,2.52,7.35,2.92,4,Stop Loss,21
2020-10-01,21:30:00,Thursday,Sell,1905.25,1910.59,5.34,15.64,2.93,3,Stop Loss,21
2023-10-02,21:30:00,Monday,Sell,1827.61,1833.5,5.89,17.27,2.93,23,Stop Loss,21
2018-09-28,21:30:00,Friday,Sell,1190.95,1193.15,2.2,6.47,2.94,9,Stop Loss,21
2024-06-12,21:30:00,Wednesday,Sell,2324.69,2334.62,9.93,29.3,2.95,10,Stop Loss,21
2023-11-03,21:30:00,Friday,Sell,1992.17,1995.23,3.06,62.52,20.43,70,Stop Loss,21
2012-10-18,21:30:00,Thursday,Sell,1740.76,1743.92,3.16,68.26,21.6,155,Stop Loss,21
2012-03-19,21:30:00,Monday,Sell,1664.05,1665.65,1.6,36.14,22.59,23,Stop Loss,21
2015-10-16,21:30:00,Friday,Sell,1177.29,1182.97,5.68,131.06,23.07,468,Stop Loss,21
2023-06-16,21:30:00,Friday,Sell,1957.21,1959.85,2.64,64.33,24.37,110,Stop Loss,21
2014-03-21,21:30:00,Friday,Sell,1333.84,1337.62,3.78,93.61,24.76,464,Stop Loss,21
2014-10-22,21:30:00,Wednesday,Sell,1240.8,1245.23,4.43,110.7,24.99,346,Stop Loss,21
2023-07-31,21:30:00,Monday,Sell,1965.07,1971.12,6.05,154.73,25.58,347,Stop Loss,21
2015-10-15,21:30:00,Thursday,Sell,1182.47,1187.15,4.68,136.24,29.11,474,Stop Loss,21
2013-03-21,21:30:00,Thursday,Sell,1614.44,1616.35,1.91,568.21,297.49,10655,Stop Loss,21
2024-05-10,21:30:00,Friday,Sell,2361.31,2371.07,9.76,29.28,3.0,15,Stop Loss,21
2016-10-21,21:30:00,Friday,Sell,1266.43,1267.81,1.38,4.22,3.06,4,Stop Loss,21
2025-08-22,21:30:00,Friday,Sell,3371.38,3375.18,3.8,11.66,3.07,5,Stop Loss,21
2014-10-09,21:30:00,Thursday,Sell,1223.79,1225.92,2.13,6.54,3.07,7,Stop Loss,21
2025-07-01,21:30:00,Tuesday,Sell,3338.12,3340.46,2.34,7.26,3.1,1,Stop Loss,21
2025-05-08,21:30:00,Thursday,Sell,3305.25,3311.19,5.94,18.45,3.11,1,Stop Loss,21
2013-10-10,21:30:00,Thursday,Sell,1287.13,1298.4,11.27,35.59,3.16,27,Stop Loss,21
2009-10-01,21:30:00,Thursday,Sell,998.85,1002.65,3.8,12.35,3.25,4,Stop Loss,21
2018-10-11,21:30:00,Thursday,Sell,1223.9,1226.41,2.51,8.16,3.25,9,Stop Loss,21
2011-10-05,21:30:00,Wednesday,Sell,1640.5,1642.3,1.8,5.85,3.25,1,Stop Loss,21
2011-10-31,21:30:00,Monday,Sell,1714.4,1724.95,10.55,34.8,3.3,7,Stop Loss,21
2023-04-03,21:30:00,Monday,Sell,1984.03,1986.18,2.15,7.1,3.3,4,Stop Loss,21
2013-10-24,21:30:00,Thursday,Sell,1346.15,1349.07,2.92,9.66,3.31,5,Stop Loss,21
2025-07-16,21:30:00,Wednesday,Sell,3346.54,3357.59,11.05,36.79,3.33,10,Stop Loss,21
2018-03-16,21:30:00,Friday,Sell,1313.36,1314.33,0.97,3.27,3.37,1,Stop Loss,21
2024-07-24,21:30:00,Wednesday,Sell,2396.79,2409.57,12.78,43.81,3.43,23,Stop Loss,21
2013-10-22,21:30:00,Tuesday,Sell,1339.7,1341.84,2.14,7.56,3.53,1,Stop Loss,21
2023-07-28,21:30:00,Friday,Sell,1958.68,1961.03,2.35,8.29,3.53,4,Stop Loss,21
2014-10-31,21:30:00,Friday,Sell,1170.8,1173.43,2.63,9.29,3.53,4,Stop Loss,21
2022-09-27,21:30:00,Tuesday,Sell,1628.75,1632.74,3.99,14.11,3.54,4,Stop Loss,21
2023-05-19,21:30:00,Friday,Sell,1976.93,1983.36,6.43,22.78,3.54,16,Stop Loss,21
2009-10-14,21:30:00,Wednesday,Sell,1062.05,1067.4,5.35,19.15,3.58,21,Stop Loss,21
2024-04-26,21:30:00,Friday,Sell,2336.75,2341.53,4.78,17.18,3.59,3,Stop Loss,21
2014-10-03,21:30:00,Friday,Sell,1190.78,1192.97,2.19,8.11,3.7,3,Stop Loss,21
2021-10-05,21:30:00,Tuesday,Sell,1759.42,1763.1,3.68,13.71,3.73,5,Stop Loss,21
2017-09-29,21:30:00,Friday,Sell,1279.3,1284.28,4.98,18.78,3.77,32,Stop Loss,21
2023-09-04,21:30:00,Monday,Sell,1938.07,1938.89,0.82,3.17,3.87,2,Stop Loss,21
2023-05-22,21:30:00,Monday,Sell,1971.55,1975.92,4.37,17.4,3.98,6,Stop Loss,21
2024-10-11,21:30:00,Friday,Sell,2656.37,2659.72,3.35,13.34,3.98,2,Stop Loss,21
2020-10-21,21:30:00,Wednesday,Sell,1923.86,1925.93,2.07,64.08,30.96,64,Stop Loss,21
2016-10-03,21:30:00,Monday,Sell,1311.24,1313.45,2.21,69.97,31.66,158,Stop Loss,21
2023-03-24,21:30:00,Friday,Sell,1978.96,1980.06,1.1,35.09,31.9,23,Stop Loss,21
2010-03-18,21:30:00,Thursday,Sell,1127.0,1128.2,1.2,41.91,34.92,70,Stop Loss,21
2014-10-21,21:30:00,Tuesday,Sell,1248.21,1251.27,3.06,118.11,38.6,353,Stop Loss,21
2023-04-28,21:30:00,Friday,Sell,1989.27,1991.29,2.02,8.3,4.11,1,Stop Loss,21
2018-03-19,21:30:00,Monday,Sell,1316.41,1318.66,2.25,9.37,4.16,10,Stop Loss,21
2016-09-27,21:30:00,Tuesday,Sell,1325.6,1327.91,2.31,9.75,4.22,16,Stop Loss,21
2009-10-08,21:30:00,Thursday,Sell,1054.65,1057.25,2.6,11.1,4.27,10,Stop Loss,21
2017-09-26,21:30:00,Tuesday,Sell,1292.7,1300.21,7.51,32.18,4.28,76,Stop Loss,21
2020-10-23,21:30:00,Friday,Sell,1902.3,1904.86,2.56,11.07,4.32,4,Stop Loss,21
2019-03-15,21:30:00,Friday,Sell,1301.92,1302.8,0.88,3.81,4.33,3,Stop Loss,21
2025-04-30,21:30:00,Wednesday,Sell,3288.14,3307.98,19.84,86.27,4.35,15,Stop Loss,21
2024-08-26,21:30:00,Monday,Sell,2517.78,2521.06,3.28,14.34,4.37,5,Stop Loss,21
2013-03-13,21:30:00,Wednesday,Sell,1587.6,1590.29,2.69,11.79,4.38,5,Stop Loss,21
2012-09-25,21:30:00,Tuesday,Sell,1760.3,1765.8,5.5,24.25,4.41,10,Stop Loss,21
2024-05-02,21:30:00,Thursday,Sell,2303.55,2309.54,5.99,26.47,4.42,4,Stop Loss,21
2025-06-18,21:30:00,Wednesday,Sell,3368.74,3395.95,27.21,121.9,4.48,137,Stop Loss,21
2015-10-28,21:30:00,Wednesday,Sell,1155.49,1179.66,24.17,109.26,4.52,420,Stop Loss,21
2014-09-24,21:30:00,Wednesday,Sell,1216.58,1218.79,2.21,10.09,4.57,5,Stop Loss,21
2023-03-23,21:30:00,Thursday,Sell,1992.96,2003.43,10.47,49.09,4.69,47,Stop Loss,21
2016-10-13,21:30:00,Thursday,Sell,1257.28,1259.67,2.39,11.33,4.74,13,Stop Loss,21
2010-11-05,21:30:00,Friday,Sell,1395.1,1396.4,1.3,6.4,4.92,1,Stop Loss,21
2025-06-27,21:30:00,Friday,Sell,3273.2,3278.43,5.23,26.36,5.04,1,Stop Loss,21
2014-10-14,21:30:00,Tuesday,Sell,1232.23,1234.28,2.05,10.51,5.13,4,Stop Loss,21
2011-10-19,21:30:00,Wednesday,Sell,1640.15,1647.19,7.04,36.4,5.17,10,Stop Loss,21
2015-10-01,21:30:00,Thursday,Sell,1113.05,1114.67,1.62,8.56,5.28,4,Stop Loss,21
2013-10-02,21:30:00,Wednesday,Sell,1315.4,1317.93,2.53,13.5,5.34,5,Stop Loss,21
2025-05-29,21:30:00,Thursday,Sell,3317.35,3325.86,8.51,45.65,5.36,9,Stop Loss,21
2014-03-18,21:30:00,Tuesday,Sell,1355.21,1361.04,5.83,308.98,53.0,3550,Stop Loss,21
2023-09-25,21:30:00,Monday,Sell,1915.53,1917.31,1.78,105.19,59.1,82,Stop Loss,21
2014-03-17,21:30:00,Monday,Sell,1366.6,1371.95,5.35,320.37,59.88,3559,Stop Loss,21
2022-09-28,21:30:00,Wednesday,Sell,1659.49,1662.44,2.95,18.14,6.15,5,Stop Loss,21
2023-04-06,21:30:00,Thursday,Sell,2007.47,2011.67,4.2,25.9,6.17,13,Stop Loss,21
2022-03-14,21:30:00,Monday,Sell,1949.72,1958.42,8.7,54.83,6.3,47,Stop Loss,21
2025-06-23,21:30:00,Monday,Sell,3368.34,3387.6,19.26,121.5,6.31,118,Stop Loss,21
2024-04-22,21:30:00,Monday,Sell,2326.84,2331.78,4.94,31.45,6.37,1,Stop Loss,21
2020-09-22,21:30:00,Tuesday,Sell,1899.41,1907.17,7.76,50.92,6.56,40,Stop Loss,21
2024-04-29,21:30:00,Monday,Sell,2335.2,2343.98,8.78,58.12,6.62,48,Stop Loss,21
2023-06-21,21:30:00,Wednesday,Sell,1931.98,1937.72,5.74,39.1,6.81,81,Stop Loss,21
2014-10-29,21:30:00,Wednesday,Sell,1211.72,1223.61,11.89,81.62,6.86,170,Stop Loss,21
2025-07-04,21:30:00,Friday,Sell,3336.03,3336.52,0.49,29.4,60.0,1,Stop Loss,21
2016-03-18,21:30:00,Friday,Sell,1255.11,1257.19,2.08,14.58,7.01,9,Stop Loss,21
2023-09-20,21:30:00,Wednesday,Sell,1929.92,1946.9,16.98,119.58,7.04,118,Stop Loss,21
2024-06-14,21:30:00,Friday,Sell,2331.92,2335.53,3.61,25.43,7.04,19,Stop Loss,21
2024-05-22,21:30:00,Wednesday,Sell,2378.3,2390.84,12.54,91.66,7.31,192,Stop Loss,21
2010-10-18,21:30:00,Monday,Sell,1368.0,1375.1,7.1,53.05,7.47,76,Stop Loss,21
2017-10-16,21:30:00,Monday,Sell,1293.83,1301.44,7.61,57.46,7.55,313,Stop Loss,21
2025-04-22,21:30:00,Tuesday,Sell,3379.18,3402.59,23.41,177.31,7.57,59,Stop Loss,21
2024-06-10,21:30:00,Monday,Sell,2310.66,2312.38,1.72,13.05,7.59,4,Stop Loss,21
2024-07-18,21:30:00,Thursday,Sell,2445.04,2456.68,11.64,92.06,7.91,55,Stop Loss,21
2016-09-26,21:30:00,Monday,Sell,1337.39,1340.21,2.82,214.88,76.2,1452,Stop Loss,21
2019-09-26,21:30:00,Thursday,Sell,1504.13,1509.71,5.58,45.16,8.09,29,Stop Loss,21
2012-09-21,21:30:00,Friday,Sell,1772.75,1777.18,4.43,36.7,8.29,23,Stop Loss,21
2021-10-14,21:30:00,Thursday,Sell,1795.15,1799.27,4.12,35.0,8.5,34,Stop Loss,21
2018-10-26,21:30:00,Friday,Sell,1233.52,1236.03,2.51,21.66,8.63,23,Stop Loss,21
2024-10-30,21:30:00,Wednesday,Sell,2787.19,2790.14,2.95,250.5,84.92,380,Stop Loss,21
2023-05-15,21:30:00,Monday,Sell,2016.08,2018.45,2.37,205.74,86.81,843,Stop Loss,21
2023-10-20,21:30:00,Friday,Sell,1979.93,1982.84,2.91,26.6,9.14,16,Stop Loss,21
2022-09-23,21:30:00,Friday,Sell,1643.59,1645.44,1.85,17.14,9.26,1,Stop Loss,21
2021-10-28,21:30:00,Thursday,Sell,1798.08,1802.24,4.16,39.42,9.48,34,Stop Loss,21
2023-03-28,21:30:00,Tuesday,Sell,1973.49,1975.38,1.89,18.21,9.63,11,Stop Loss,21
2009-10-05,21:30:00,Monday,Sell,1016.85,1017.6,0.75,7.25,9.67,1,Stop Loss,21
2015-09-29,21:30:00,Tuesday,Sell,1126.86,1129.13,2.27,22.37,9.85,16,Stop Loss,21
2009-03-20,21:30:00,Friday,Sell,952.31,958.1,5.79,3.41,SL,1,Stop Loss,21
2009-09-28,21:30:00,Monday,Sell,990.5,992.75,2.25,1.51,SL,2,Stop Loss,21
2009-09-29,21:30:00,Tuesday,Sell,992.0,994.2,2.2,0.55,SL,1,Stop Loss,21
2009-10-02,21:30:00,Friday,Sell,1001.62,1004.0,2.38,1.53,SL,1,Stop Loss,21
2009-10-20,21:30:00,Tuesday,Sell,1054.8,1058.9,4.1,2.35,SL,3,Stop Loss,21
2009-10-28,21:30:00,Wednesday,Sell,1027.7,1031.15,3.45,1.1,SL,1,Stop Loss,21
2010-03-17,21:30:00,Wednesday,Sell,1120.05,1124.8,4.75,0.0,SL,1,Stop Loss,21
2010-03-19,21:30:00,Friday,Sell,1105.5,1108.35,2.85,2.35,SL,2,Stop Loss,21
2010-09-23,21:30:00,Thursday,Sell,1292.0,1293.4,1.4,0.6,SL,1,Stop Loss,21
2010-09-24,21:30:00,Friday,Sell,1296.0,1297.9,1.9,1.25,SL,2,Stop Loss,21
2010-10-19,21:30:00,Tuesday,Sell,1331.5,1334.9,3.4,1.0,SL,1,Stop Loss,21
2011-09-23,21:30:00,Friday,Sell,1643.65,1658.7,15.05,14.15,SL,1,Stop Loss,21
2011-09-29,21:30:00,Thursday,Sell,1614.3,1620.25,5.95,1.35,SL,1,Stop Loss,21
2011-10-12,21:30:00,Wednesday,Sell,1675.9,1682.65,6.75,1.35,SL,1,Stop Loss,21
2011-10-17,21:30:00,Monday,Sell,1670.3,1672.65,2.35,0.6,SL,1,Stop Loss,21
2011-10-27,21:30:00,Thursday,Sell,1744.45,1749.45,5.0,3.44,SL,1,Stop Loss,21
2011-11-04,21:30:00,Friday,Sell,1754.2,1758.6,4.4,2.08,SL,1,Stop Loss,21
2012-03-15,21:30:00,Thursday,Sell,1658.25,1663.27,5.02,2.95,SL,2,Stop Loss,21
2012-10-01,21:30:00,Monday,Sell,1774.68,1780.28,5.61,0.55,SL,1,Stop Loss,21
2012-10-04,21:30:00,Thursday,Sell,1790.05,1795.25,5.2,0.85,SL,1,Stop Loss,21
2012-10-11,21:30:00,Thursday,Sell,1766.8,1768.55,1.75,0.81,SL,1,Stop Loss,21
2012-10-17,21:30:00,Wednesday,Sell,1749.44,1751.58,2.14,1.85,SL,2,Stop Loss,21
2012-10-23,21:30:00,Tuesday,Sell,1707.11,1709.65,2.54,1.61,SL,1,Stop Loss,21
2012-10-25,21:30:00,Thursday,Sell,1711.4,1714.13,2.73,2.6,SL,1,Stop Loss,21
2012-10-26,21:30:00,Friday,Sell,1710.46,1713.3,2.84,2.01,SL,1,Stop Loss,21
2012-10-30,21:30:00,Tuesday,Sell,1709.05,1710.69,1.64,1.05,SL,1,Stop Loss,21
2012-11-02,21:30:00,Friday,Sell,1676.8,1680.17,3.37,1.95,SL,1,Stop Loss,21
2013-03-14,21:30:00,Thursday,Sell,1589.75,1593.0,3.25,1.3,SL,3,Stop Loss,21
2013-03-15,21:30:00,Friday,Sell,1591.73,1593.28,1.55,0.78,SL,1,Stop Loss,21
2013-03-20,21:30:00,Wednesday,Sell,1606.75,1610.1,3.35,2.34,SL,4,Stop Loss,21
2013-09-23,21:30:00,Monday,Sell,1322.14,1327.05,4.91,1.93,SL,1,Stop Loss,21
2013-09-24,21:30:00,Tuesday,Sell,1322.74,1328.05,5.31,1.89,SL,2,Stop Loss,21
2013-09-27,21:30:00,Friday,Sell,1336.15,1340.65,4.5,0.9,SL,1,Stop Loss,21
2013-09-30,21:30:00,Monday,Sell,1328.39,1332.32,3.93,3.61,SL,3,Stop Loss,21
2013-10-28,21:30:00,Monday,Sell,1352.09,1357.13,5.04,1.46,SL,2,Stop Loss,21
2013-10-31,21:30:00,Thursday,Sell,1322.47,1326.06,3.59,2.96,SL,1,Stop Loss,21
2014-03-10,21:30:00,Monday,Sell,1339.18,1341.21,2.03,1.39,SL,1,Stop Loss,21
2014-03-12,21:30:00,Wednesday,Sell,1366.23,1368.41,2.18,1.41,SL,1,Stop Loss,21
2014-03-13,21:30:00,Thursday,Sell,1369.77,1374.61,4.84,0.82,SL,1,Stop Loss,21
2014-03-19,21:30:00,Wednesday,Sell,1329.12,1340.05,10.93,8.72,SL,9,Stop Loss,21
2014-03-20,21:30:00,Thursday,Sell,1327.27,1331.11,3.84,0.01,SL,1,Stop Loss,21
2014-09-22,21:30:00,Monday,Sell,1214.56,1217.81,3.25,0.46,SL,1,Stop Loss,21
2014-09-25,21:30:00,Thursday,Sell,1221.08,1224.81,3.73,0.8,SL,1,Stop Loss,21
2014-09-29,21:30:00,Monday,Sell,1215.32,1218.41,3.09,0.82,SL,2,Stop Loss,21
2014-10-01,21:30:00,Wednesday,Sell,1213.32,1217.41,4.09,0.7,SL,2,Stop Loss,21
2014-10-07,21:30:00,Tuesday,Sell,1208.48,1212.41,3.93,0.27,SL,1,Stop Loss,21
2014-10-16,21:30:00,Thursday,Sell,1238.32,1240.86,2.54,1.52,SL,3,Stop Loss,21
2014-10-27,21:30:00,Monday,Sell,1226.02,1230.03,4.01,3.65,SL,1,Stop Loss,21
2014-10-28,21:30:00,Tuesday,Sell,1228.03,1229.54,1.51,0.52,SL,1,Stop Loss,21
2014-10-30,21:30:00,Thursday,Sell,1198.36,1202.38,4.02,0.0,SL,1,Stop Loss,21
2015-03-09,21:30:00,Monday,Sell,1166.64,1168.15,1.51,0.57,SL,1,Stop Loss,21
2015-03-12,21:30:00,Thursday,Sell,1153.22,1155.07,1.85,0.3,SL,1,Stop Loss,21
2015-03-20,21:30:00,Friday,Sell,1183.0,1184.7,1.7,1.07,SL,1,Stop Loss,21
2015-09-23,21:30:00,Wednesday,Sell,1129.69,1132.24,2.55,0.0,SL,1,Stop Loss,21
2015-10-05,21:30:00,Monday,Sell,1135.06,1137.55,2.49,0.16,SL,3,Stop Loss,21
2015-10-07,21:30:00,Wednesday,Sell,1144.89,1149.91,5.02,3.37,SL,1,Stop Loss,21
2015-10-08,21:30:00,Thursday,Sell,1138.41,1151.36,12.95,0.0,SL,3,Stop Loss,21
2015-10-19,21:30:00,Monday,Sell,1170.16,1173.37,3.21,2.89,SL,3,Stop Loss,21
2015-10-22,21:30:00,Thursday,Sell,1165.33,1166.73,1.4,0.99,SL,1,Stop Loss,21
2015-10-26,21:30:00,Monday,Sell,1162.46,1165.2,2.74,0.26,SL,2,Stop Loss,21
2015-10-29,21:30:00,Thursday,Sell,1145.38,1147.78,2.4,0.73,SL,1,Stop Loss,21
2016-03-17,21:30:00,Thursday,Sell,1257.36,1263.91,6.55,0.9,SL,1,Stop Loss,21
2016-09-22,21:30:00,Thursday,Sell,1336.45,1339.56,3.11,2.73,SL,4,Stop Loss,21
2016-09-28,21:30:00,Wednesday,Sell,1321.32,1324.2,2.88,0.13,SL,1,Stop Loss,21
2016-09-29,21:30:00,Thursday,Sell,1319.98,1324.48,4.5,0.01,SL,1,Stop Loss,21
2016-10-04,21:30:00,Tuesday,Sell,1267.63,1273.49,5.86,1.35,SL,2,Stop Loss,21
2016-10-05,21:30:00,Wednesday,Sell,1266.16,1268.62,2.46,0.25,SL,1,Stop Loss,21
2016-10-11,21:30:00,Tuesday,Sell,1252.05,1256.19,4.14,1.52,SL,1,Stop Loss,21
2016-10-14,21:30:00,Friday,Sell,1251.66,1254.91,3.25,1.57,SL,2,Stop Loss,21
2016-10-27,21:30:00,Thursday,Sell,1265.12,1270.55,5.43,0.0,SL,2,Stop Loss,21
2016-10-28,21:30:00,Friday,Sell,1275.47,1284.31,8.84,4.38,SL,10,Stop Loss,21
2016-11-01,21:30:00,Tuesday,Sell,1287.72,1291.96,4.24,0.55,SL,2,Stop Loss,21
2017-03-14,21:30:00,Tuesday,Sell,1198.25,1203.81,5.56,0.56,SL,2,Stop Loss,21
2017-03-16,21:30:00,Thursday,Sell,1225.91,1228.56,2.65,1.52,SL,3,Stop Loss,21
2017-03-17,21:30:00,Friday,Sell,1229.02,1230.09,1.07,0.42,SL,1,Stop Loss,21
2017-03-21,21:30:00,Tuesday,Sell,1244.05,1247.37,3.32,0.18,SL,3,Stop Loss,21
2017-09-27,21:30:00,Wednesday,Sell,1281.5,1286.95,5.45,3.87,SL,5,Stop Loss,21
2017-10-02,21:30:00,Monday,Sell,1270.51,1275.11,4.6,2.3,SL,7,Stop Loss,21
2017-10-03,21:30:00,Tuesday,Sell,1270.52,1272.36,1.84,0.0,SL,1,Stop Loss,21
2017-10-04,21:30:00,Wednesday,Sell,1273.41,1276.38,2.97,0.48,SL,3,Stop Loss,21
2017-10-10,21:30:00,Tuesday,Sell,1286.45,1290.27,3.82,0.0,SL,1,Stop Loss,21
2017-10-12,21:30:00,Thursday,Sell,1292.55,1295.03,2.48,0.0,SL,1,Stop Loss,21
2017-10-24,21:30:00,Tuesday,Sell,1275.49,1281.48,5.99,4.61,SL,8,Stop Loss,21
2017-10-25,21:30:00,Wednesday,Sell,1276.11,1278.63,2.52,0.0,SL,1,Stop Loss,21
2017-10-26,21:30:00,Thursday,Sell,1265.77,1268.96,3.19,1.13,SL,3,Stop Loss,21
2017-10-30,21:30:00,Monday,Sell,1275.91,1277.46,1.55,1.09,SL,3,Stop Loss,21
2017-11-01,21:30:00,Wednesday,Sell,1274.33,1279.17,4.84,0.0,SL,1,Stop Loss,21
2017-11-02,21:30:00,Thursday,Sell,1275.64,1278.1,2.46,0.0,SL,1,Stop Loss,21
2018-03-14,21:30:00,Wednesday,Sell,1324.36,1326.01,1.65,0.87,SL,1,Stop Loss,21
2018-03-15,21:30:00,Thursday,Sell,1315.77,1319.46,3.69,2.2,SL,3,Stop Loss,21
2018-03-20,21:30:00,Tuesday,Sell,1310.91,1312.7,1.79,1.18,SL,1,Stop Loss,21
2018-09-24,21:30:00,Monday,Sell,1198.46,1199.99,1.53,1.5,SL,3,Stop Loss,21
2018-09-27,21:30:00,Thursday,Sell,1182.42,1185.45,3.03,1.78,SL,4,Stop Loss,21
2018-10-01,21:30:00,Monday,Sell,1187.93,1190.24,2.31,0.0,SL,1,Stop Loss,21
2018-10-03,21:30:00,Wednesday,Sell,1196.94,1199.46,2.52,1.05,SL,3,Stop Loss,21
2018-10-12,21:30:00,Friday,Sell,1217.3,1220.23,2.93,1.52,SL,1,Stop Loss,21
2018-10-18,21:30:00,Thursday,Sell,1225.42,1227.59,2.17,0.45,SL,1,Stop Loss,21
2018-10-22,21:30:00,Monday,Sell,1221.67,1223.74,2.07,0.35,SL,1,Stop Loss,21
2019-09-25,21:30:00,Wednesday,Sell,1503.21,1505.88,2.67,0.21,SL,1,Stop Loss,21
2019-10-01,21:30:00,Tuesday,Sell,1478.7,1483.04,4.34,4.29,SL,3,Stop Loss,21
2019-10-02,21:30:00,Wednesday,Sell,1499.49,1504.28,4.79,3.76,SL,3,Stop Loss,21
2019-10-03,21:30:00,Thursday,Sell,1504.6,1509.18,4.58,0.47,SL,2,Stop Loss,21
2019-10-04,21:30:00,Friday,Sell,1503.71,1507.57,3.86,0.0,SL,1,Stop Loss,21
2019-10-09,21:30:00,Wednesday,Sell,1505.26,1512.6,7.34,0.0,SL,1,Stop Loss,21
2019-10-10,21:30:00,Thursday,Sell,1493.18,1499.9,6.72,2.47,SL,3,Stop Loss,21
2019-10-18,21:30:00,Friday,Sell,1489.72,1491.92,2.2,0.72,SL,1,Stop Loss,21
2019-10-29,21:30:00,Tuesday,Sell,1487.36,1490.36,3.0,0.47,SL,3,Stop Loss,21
2020-03-10,21:30:00,Tuesday,Sell,1648.51,1660.09,11.58,0.0,SL,2,Stop Loss,21
2020-03-11,21:30:00,Wednesday,Sell,1634.22,1646.45,12.23,0.46,SL,1,Stop Loss,21
2020-03-17,21:30:00,Tuesday,Sell,1528.37,1537.63,9.26,1.63,SL,1,Stop Loss,21
2020-09-24,21:30:00,Thursday,Sell,1866.92,1874.22,7.3,5.08,SL,3,Stop Loss,21
2020-09-30,21:30:00,Wednesday,Sell,1885.02,1895.37,10.35,1.19,SL,2,Stop Loss,21
2020-10-06,21:30:00,Tuesday,Sell,1877.02,1906.61,29.59,4.2,SL,14,Stop Loss,21
2020-10-16,21:30:00,Friday,Sell,1898.39,1903.81,5.42,1.31,SL,2,Stop Loss,21
2020-10-20,21:30:00,Tuesday,Sell,1905.49,1914.2,8.71,0.0,SL,1,Stop Loss,21
2020-10-26,21:30:00,Monday,Sell,1901.44,1904.29,2.85,0.12,SL,1,Stop Loss,21
2020-10-28,21:30:00,Wednesday,Sell,1876.51,1881.25,4.74,0.83,SL,2,Stop Loss,21
2020-10-29,21:30:00,Thursday,Sell,1867.07,1871.64,4.57,2.93,SL,1,Stop Loss,21
2021-09-23,21:30:00,Thursday,Sell,1741.84,1752.98,11.14,0.0,SL,2,Stop Loss,21
2021-09-24,21:30:00,Friday,Sell,1748.75,1750.0,1.25,1.24,SL,1,Stop Loss,21
2021-09-27,21:30:00,Monday,Sell,1749.23,1752.23,3.0,2.21,SL,1,Stop Loss,21
2021-09-28,21:30:00,Tuesday,Sell,1732.8,1735.28,2.48,0.0,SL,1,Stop Loss,21
2021-10-07,21:30:00,Thursday,Sell,1754.97,1758.14,3.17,1.75,SL,1,Stop Loss,21
2021-10-11,21:30:00,Monday,Sell,1753.04,1755.87,2.83,2.42,SL,1,Stop Loss,21
2021-10-18,21:30:00,Monday,Sell,1764.39,1767.81,3.42,1.66,SL,1,Stop Loss,21
2021-10-20,21:30:00,Wednesday,Sell,1781.52,1786.95,5.43,0.55,SL,1,Stop Loss,21
2021-10-27,21:30:00,Wednesday,Sell,1796.11,1799.13,3.02,2.1,SL,2,Stop Loss,21
2021-11-04,21:30:00,Thursday,Sell,1791.4,1794.01,2.61,1.4,SL,1,Stop Loss,21
2022-03-18,21:30:00,Friday,Sell,1919.26,1930.16,10.9,1.56,SL,4,Stop Loss,21
2022-09-22,21:30:00,Thursday,Sell,1670.87,1674.6,3.73,0.68,SL,1,Stop Loss,21
2022-09-26,21:30:00,Monday,Sell,1621.99,1631.45,9.46,0.68,SL,1,Stop Loss,21
2022-09-30,21:30:00,Friday,Sell,1661.92,1664.89,2.97,1.66,SL,1,Stop Loss,21
2022-10-10,21:30:00,Monday,Sell,1668.41,1670.99,2.58,1.21,SL,1,Stop Loss,21
2022-10-14,21:30:00,Friday,Sell,1643.0,1645.43,2.43,0.0,SL,1,Stop Loss,21
2022-10-17,21:30:00,Monday,Sell,1649.61,1653.54,3.93,0.84,SL,2,Stop Loss,21
2022-10-25,21:30:00,Tuesday,Sell,1652.86,1657.13,4.27,3.2,SL,2,Stop Loss,21
2022-10-26,21:30:00,Wednesday,Sell,1664.41,1667.25,2.84,0.7,SL,1,Stop Loss,21
2022-10-31,21:30:00,Monday,Sell,1633.26,1636.57,3.31,2.74,SL,1,Stop Loss,21
2022-11-01,21:30:00,Tuesday,Sell,1647.72,1651.22,3.5,1.83,SL,1,Stop Loss,21
2022-11-02,21:30:00,Wednesday,Sell,1635.01,1669.48,34.47,18.5,SL,11,Stop Loss,21
2023-03-21,21:30:00,Tuesday,Sell,1939.94,1942.27,2.33,1.54,SL,1,Stop Loss,21
2023-04-11,21:30:00,Tuesday,Sell,2003.21,2006.88,3.67,1.05,SL,1,Stop Loss,21
2023-04-13,21:30:00,Thursday,Sell,2040.09,2044.11,4.02,1.57,SL,1,Stop Loss,21
2023-04-17,21:30:00,Monday,Sell,1994.75,1997.24,2.49,1.52,SL,1,Stop Loss,21
2023-04-24,21:30:00,Monday,Sell,1988.75,1990.47,1.72,0.96,SL,1,Stop Loss,21
2023-04-25,21:30:00,Tuesday,Sell,1996.94,2003.93,6.99,5.59,SL,4,Stop Loss,21
2023-04-27,21:30:00,Thursday,Sell,1987.4,1989.99,2.59,2.57,SL,1,Stop Loss,21
2023-05-08,21:30:00,Monday,Sell,2020.85,2023.91,3.06,1.48,SL,1,Stop Loss,21
2023-05-09,21:30:00,Tuesday,Sell,2034.12,2037.15,3.03,1.52,SL,1,Stop Loss,21
2023-05-10,21:30:00,Wednesday,Sell,2029.94,2034.3,4.36,0.91,SL,1,Stop Loss,21
2023-05-12,21:30:00,Friday,Sell,2011.03,2015.77,4.74,4.6,SL,1,Stop Loss,21
2023-06-06,21:30:00,Tuesday,Sell,1963.3,1965.22,1.92,0.67,SL,1,Stop Loss,21
2023-06-07,21:30:00,Wednesday,Sell,1939.66,1944.95,5.29,0.0,SL,1,Stop Loss,21
2023-06-15,21:30:00,Thursday,Sell,1957.74,1959.71,1.97,1.36,SL,1,Stop Loss,21
2023-06-20,21:30:00,Tuesday,Sell,1936.05,1938.79,2.74,1.89,SL,2,Stop Loss,21
2023-06-23,21:30:00,Friday,Sell,1919.32,1921.35,2.03,0.0,SL,1,Stop Loss,21
2023-06-26,21:30:00,Monday,Sell,1922.91,1924.99,2.08,2.04,SL,1,Stop Loss,21
2023-07-07,21:30:00,Friday,Sell,1924.8,1927.36,2.56,2.01,SL,1,Stop Loss,21
2023-07-10,21:30:00,Monday,Sell,1924.91,1926.58,1.67,0.64,SL,1,Stop Loss,21
2023-07-17,21:30:00,Monday,Sell,1954.59,1956.49,1.9,0.14,SL,1,Stop Loss,21
2023-07-19,21:30:00,Wednesday,Sell,1976.55,1978.63,2.08,1.11,SL,1,Stop Loss,21
2023-07-20,21:30:00,Thursday,Sell,1968.76,1971.61,2.85,0.0,SL,1,Stop Loss,21
2023-07-24,21:30:00,Monday,Sell,1954.45,1959.36,4.91,1.33,SL,1,Stop Loss,21
2023-07-27,21:30:00,Thursday,Sell,1945.27,1949.03,3.76,0.0,SL,1,Stop Loss,21
2023-08-02,21:30:00,Wednesday,Sell,1934.34,1937.01,2.67,0.0,SL,1,Stop Loss,21
2023-08-03,21:30:00,Thursday,Sell,1933.63,1935.46,1.83,0.0,SL,1,Stop Loss,21
2023-08-08,21:30:00,Tuesday,Sell,1924.82,1926.76,1.94,0.69,SL,1,Stop Loss,21
2023-08-09,21:30:00,Wednesday,Sell,1913.9,1917.06,3.16,0.0,SL,1,Stop Loss,21
2023-08-10,21:30:00,Thursday,Sell,1911.88,1915.24,3.36,1.09,SL,1,Stop Loss,21
2023-08-15,21:30:00,Tuesday,Sell,1901.47,1905.46,3.99,1.26,SL,3,Stop Loss,21
2023-08-16,21:30:00,Wednesday,Sell,1891.55,1899.82,8.27,2.02,SL,4,Stop Loss,21
2023-08-22,21:30:00,Tuesday,Sell,1897.21,1898.01,0.8,0.0,SL,1,Stop Loss,21
2023-08-23,21:30:00,Wednesday,Sell,1915.24,1918.26,3.02,0.35,SL,1,Stop Loss,21
2023-08-28,21:30:00,Monday,Sell,1919.84,1920.74,0.9,0.0,SL,1,Stop Loss,21
2023-08-30,21:30:00,Wednesday,Sell,1941.93,1944.58,2.65,0.49,SL,1,Stop Loss,21
2023-08-31,21:30:00,Thursday,Sell,1939.83,1942.2,2.37,1.22,SL,1,Stop Loss,21
2023-09-01,21:30:00,Friday,Sell,1939.56,1941.46,1.9,0.26,SL,1,Stop Loss,21
2023-09-05,21:30:00,Tuesday,Sell,1925.71,1927.59,1.88,1.59,SL,2,Stop Loss,21
2023-09-06,21:30:00,Wednesday,Sell,1916.26,1918.26,2.0,0.1,SL,1,Stop Loss,21
2023-09-13,21:30:00,Wednesday,Sell,1907.97,1910.45,2.48,0.52,SL,1,Stop Loss,21
2023-09-15,21:30:00,Friday,Sell,1923.32,1925.13,1.81,0.85,SL,1,Stop Loss,21
2023-09-26,21:30:00,Tuesday,Sell,1900.34,1901.62,1.28,0.68,SL,1,Stop Loss,21
2023-10-12,21:30:00,Thursday,Sell,1868.47,1870.78,2.31,0.0,SL,1,Stop Loss,21
2023-10-18,21:30:00,Wednesday,Sell,1947.35,1954.26,6.91,2.22,SL,3,Stop Loss,21
2023-10-23,21:30:00,Monday,Sell,1972.48,1978.22,5.74,1.16,SL,1,Stop Loss,21
2023-10-24,21:30:00,Tuesday,Sell,1970.83,1976.29,5.46,1.03,SL,1,Stop Loss,21
2023-10-25,21:30:00,Wednesday,Sell,1979.27,1984.49,5.22,0.08,SL,1,Stop Loss,21
2023-10-26,21:30:00,Thursday,Sell,1984.63,1987.25,2.62,1.88,SL,2,Stop Loss,21
2024-03-13,21:30:00,Wednesday,Sell,2174.12,2176.64,2.52,1.36,SL,1,Stop Loss,21
2024-04-10,21:30:00,Wednesday,Sell,2333.88,2341.11,7.23,1.34,SL,1,Stop Loss,21
2024-04-12,21:30:00,Friday,Sell,2342.49,2356.78,14.29,0.0,SL,1,Stop Loss,21
2024-04-17,21:30:00,Wednesday,Sell,2359.76,2379.26,19.5,0.0,SL,3,Stop Loss,21
2024-04-18,21:30:00,Thursday,Sell,2379.07,2385.3,6.23,5.41,SL,1,Stop Loss,21
2024-04-23,21:30:00,Tuesday,Sell,2321.74,2329.89,8.15,6.09,SL,2,Stop Loss,21
2024-04-30,21:30:00,Tuesday,Sell,2285.52,2297.58,12.06,4.03,SL,4,Stop Loss,21
2024-05-06,21:30:00,Monday,Sell,2323.73,2328.99,5.26,1.57,SL,1,Stop Loss,21
2024-05-08,21:30:00,Wednesday,Sell,2308.05,2313.99,5.94,0.29,SL,2,Stop Loss,21
2024-05-15,21:30:00,Wednesday,Sell,2385.66,2389.53,3.87,0.24,SL,1,Stop Loss,21
2024-05-16,21:30:00,Thursday,Sell,2376.34,2382.16,5.82,2.54,SL,2,Stop Loss,21
2024-05-23,21:30:00,Thursday,Sell,2328.38,2336.51,8.13,3.12,SL,2,Stop Loss,21
2024-05-27,21:30:00,Monday,Sell,2349.8,2355.23,5.43,0.76,SL,1,Stop Loss,21
2024-05-30,21:30:00,Thursday,Sell,2342.96,2344.64,1.68,1.02,SL,1,Stop Loss,21
2024-06-04,21:30:00,Tuesday,Sell,2326.56,2329.93,3.37,0.79,SL,1,Stop Loss,21
2024-06-07,21:30:00,Friday,Sell,2291.23,2307.28,16.05,3.6,SL,4,Stop Loss,21
2024-06-19,21:30:00,Wednesday,Sell,2326.15,2330.25,4.1,0.0,SL,1,Stop Loss,21
2024-06-26,21:30:00,Wednesday,Sell,2298.02,2302.21,4.19,1.59,SL,3,Stop Loss,21
2024-07-03,21:30:00,Wednesday,Sell,2355.83,2358.06,2.23,0.31,SL,1,Stop Loss,21
2024-07-10,21:30:00,Wednesday,Sell,2370.7,2373.77,3.07,0.0,SL,1,Stop Loss,21
2024-07-19,21:30:00,Friday,Sell,2398.49,2400.47,1.98,0.0,SL,1,Stop Loss,21
2024-08-07,21:30:00,Wednesday,Sell,2382.68,2391.9,9.22,1.79,SL,2,Stop Loss,21
2024-08-13,21:30:00,Tuesday,Sell,2464.69,2469.04,4.35,1.81,SL,1,Stop Loss,21
2024-08-28,21:30:00,Wednesday,Sell,2504.26,2509.79,5.53,1.41,SL,1,Stop Loss,21
2024-09-11,21:30:00,Wednesday,Sell,2511.44,2516.5,5.06,0.5,SL,2,Stop Loss,21
2024-09-13,21:30:00,Friday,Sell,2580.35,2584.15,3.8,2.93,SL,2,Stop Loss,21
2024-09-17,21:30:00,Tuesday,Sell,2569.06,2571.77,2.71,0.0,SL,1,Stop Loss,21
2024-09-18,21:30:00,Wednesday,Sell,2558.62,2600.31,41.69,7.66,SL,9,Stop Loss,21
2024-09-19,21:30:00,Thursday,Sell,2586.47,2590.93,4.46,1.97,SL,2,Stop Loss,21
2024-09-25,21:30:00,Wednesday,Sell,2656.98,2661.8,4.82,1.65,SL,2,Stop Loss,21
2024-09-30,21:30:00,Monday,Sell,2634.45,2638.46,4.01,2.58,SL,1,Stop Loss,21
2024-10-03,21:30:00,Thursday,Sell,2655.85,2659.8,3.95,1.67,SL,2,Stop Loss,21
2024-10-07,21:30:00,Monday,Sell,2642.27,2648.21,5.94,4.42,SL,1,Stop Loss,21
2024-10-09,21:30:00,Wednesday,Sell,2607.46,2611.22,3.76,1.65,SL,1,Stop Loss,21
2024-10-15,21:30:00,Tuesday,Sell,2662.28,2666.53,4.25,3.72,SL,1,Stop Loss,21
2024-10-16,21:30:00,Wednesday,Sell,2673.5,2676.81,3.31,0.58,SL,1,Stop Loss,21
2024-10-21,21:30:00,Monday,Sell,2719.25,2723.25,4.0,0.7,SL,1,Stop Loss,21
2024-10-23,21:30:00,Wednesday,Sell,2715.21,2718.39,3.18,0.44,SL,1,Stop Loss,21
2025-03-12,21:30:00,Wednesday,Sell,2933.61,2937.46,3.85,0.57,SL,1,Stop Loss,21
2025-03-25,21:30:00,Tuesday,Sell,3019.67,3023.13,3.46,3.43,SL,1,Stop Loss,21
2025-04-14,21:30:00,Monday,Sell,3210.36,3214.95,4.59,0.43,SL,1,Stop Loss,21
2025-05-07,21:30:00,Wednesday,Sell,3364.53,3397.99,33.46,0.0,SL,1,Stop Loss,21
2025-05-14,21:30:00,Wednesday,Sell,3177.02,3183.41,6.39,5.74,SL,1,Stop Loss,21
2025-05-21,21:30:00,Wednesday,Sell,3314.34,3324.97,10.63,0.0,SL,1,Stop Loss,21
2025-05-27,21:30:00,Tuesday,Sell,3300.16,3308.14,7.98,2.79,SL,1,Stop Loss,21
2025-06-04,21:30:00,Wednesday,Sell,3371.84,3382.24,10.4,1.29,SL,1,Stop Loss,21
2025-06-05,21:30:00,Thursday,Sell,3351.86,3361.42,9.56,0.0,SL,1,Stop Loss,21
2025-06-10,21:30:00,Tuesday,Sell,3322.78,3334.69,11.91,7.36,SL,1,Stop Loss,21
2025-06-16,21:30:00,Monday,Sell,3384.44,3394.11,9.67,0.0,SL,1,Stop Loss,21
2025-07-03,21:30:00,Thursday,Sell,3325.46,3330.34,4.88,1.99,SL,1,Stop Loss,21
2025-07-14,21:30:00,Monday,Sell,3342.92,3351.27,8.35,1.62,SL,2,Stop Loss,21
2025-07-15,21:30:00,Tuesday,Sell,3323.35,3332.03,8.68,0.0,SL,1,Stop Loss,21
2025-07-29,21:30:00,Tuesday,Sell,3325.69,3330.93,5.24,4.02,SL,1,Stop Loss,21
2025-07-30,21:30:00,Wednesday,Sell,3274.54,3305.04,30.5,1.03,SL,3,Stop Loss,21
2025-07-31,21:30:00,Thursday,Sell,3289.31,3297.21,7.9,7.76,SL,2,Stop Loss,21
2025-08-04,21:30:00,Monday,Sell,3373.15,3377.23,4.08,0.0,SL,1,Stop Loss,21
2025-08-06,21:30:00,Wednesday,Sell,3368.52,3374.66,6.14,3.26,SL,1,Stop Loss,21
2025-08-11,21:30:00,Monday,Sell,3342.1,3358.82,16.72,11.1,SL,5,Stop Loss,21
2025-08-14,21:30:00,Thursday,Sell,3335.12,3341.12,6.0,3.01,SL,2,Stop Loss,21
2025-08-19,21:30:00,Tuesday,Sell,3315.34,3320.25,4.91,3.82,SL,2,Stop Loss,21
2025-09-01,21:30:00,Monday,Sell,3475.99,3478.17,2.18,1.98,SL,1,Stop Loss,21
2025-09-09,21:30:00,Tuesday,Sell,3624.45,3645.28,20.83,4.14,SL,2,Stop Loss,21
2025-09-11,21:30:00,Thursday,Sell,3633.2,3637.83,4.63,2.78,SL,1,Stop Loss,21
2025-09-15,21:30:00,Monday,Sell,3677.63,3682.9,5.27,1.64,SL,1,Stop Loss,21
2025-09-17,21:30:00,Wednesday,Sell,3658.51,3707.59,49.08,30.62,SL,15,Stop Loss,21
2025-09-26,21:30:00,Friday,Sell,3762.0,3783.39,21.39,2.02,SL,1,Stop Loss,21
