date,time,day_of_week,type,entry,stop_loss,distance,max_profit,reward_risk,candles_held,close_reason,distance_rounded
2023-01-23,06:30:00,Monday,Sell,1922.38,1933.27,10.89,11.13,1.02,5,Stop Loss,10
2024-03-15,17:30:00,Friday,Sell,2156.51,2166.81,10.3,10.56,1.03,19,Stop Loss,10
2022-06-13,22:30:00,Monday,Sell,1819.11,1829.57,10.46,11.46,1.1,3,Stop Loss,10
2009-12-22,14:30:00,Tuesday,Sell,1085.9,1096.0,10.1,11.25,1.11,9,Stop Loss,10
2011-01-24,22:30:00,Monday,Sell,1334.0,1344.3,10.3,11.6,1.13,12,Stop Loss,10
2010-05-12,22:30:00,Wednesday,Sell,1238.49,1248.54,10.05,11.4,1.13,10,Stop Loss,10
2015-09-09,14:30:00,Wednesday,Sell,1110.97,1121.91,10.94,12.31,1.13,31,Stop Loss,10
2012-03-01,06:30:00,Thursday,Sell,1714.44,1725.35,10.92,12.41,1.14,4,Stop Loss,10
2013-12-19,14:30:00,Thursday,Sell,1199.34,1210.07,10.73,12.21,1.14,22,Stop Loss,10
2025-02-21,06:30:00,Friday,Sell,2929.17,2939.94,10.77,12.53,1.16,3,Stop Loss,10
2010-01-27,18:30:00,Wednesday,Sell,1086.65,1097.3,10.65,12.7,1.19,18,Stop Loss,10
2012-12-05,14:30:00,Wednesday,Sell,1695.75,1706.11,10.36,12.5,1.21,15,Stop Loss,10
2015-02-20,18:30:00,Friday,Sell,1200.32,1210.33,10.01,12.19,1.22,15,Stop Loss,10
2020-10-14,17:30:00,Wednesday,Sell,1902.33,1912.81,10.48,12.96,1.24,11,Stop Loss,10
2023-10-03,17:30:00,Tuesday,Sell,1823.27,1833.48,10.21,12.93,1.27,18,Stop Loss,10
2023-12-11,14:30:00,Monday,Sell,1986.4,1996.88,10.48,13.44,1.28,14,Stop Loss,10
2013-12-05,22:30:00,Thursday,Sell,1224.63,1234.92,10.29,13.19,1.28,4,Stop Loss,10
2012-01-13,02:30:00,Friday,Sell,1639.15,1649.8,10.65,14.0,1.31,12,Stop Loss,10
2023-01-31,06:30:00,Tuesday,Sell,1915.18,1925.95,10.77,14.52,1.35,2,Stop Loss,10
2009-02-26,10:30:00,Thursday,Sell,946.87,957.18,10.31,14.67,1.42,7,Stop Loss,10
2021-09-28,09:30:00,Tuesday,Sell,1737.89,1748.86,10.97,16.37,1.49,14,Stop Loss,10
2013-08-13,10:30:00,Tuesday,Sell,1331.22,1341.49,10.27,15.43,1.5,10,Stop Loss,10
2013-11-21,14:30:00,Thursday,Sell,1239.79,1250.52,10.73,16.2,1.51,14,Stop Loss,10
2013-09-12,22:30:00,Thursday,Sell,1320.95,1331.69,10.74,16.18,1.51,7,Stop Loss,10
2014-12-15,18:30:00,Monday,Sell,1206.84,1217.33,10.49,16.27,1.55,5,Stop Loss,10
2024-01-31,18:30:00,Wednesday,Sell,2045.82,2056.11,10.29,16.05,1.56,6,Stop Loss,10
2011-03-03,06:30:00,Thursday,Sell,1426.2,1436.4,10.2,16.05,1.57,11,Stop Loss,10
2021-12-28,18:30:00,Tuesday,Sell,1805.31,1815.5,10.19,16.05,1.58,13,Stop Loss,10
2024-10-24,13:30:00,Thursday,Sell,2733.13,2743.39,10.26,16.21,1.58,7,Stop Loss,10
2016-03-09,02:30:00,Wednesday,Sell,1254.22,1265.07,10.85,17.27,1.59,9,Stop Loss,10
2021-05-19,18:30:00,Wednesday,Sell,1879.06,1889.78,10.72,17.27,1.61,24,Stop Loss,10
2021-07-08,14:30:00,Thursday,Sell,1808.17,1818.5,10.33,16.74,1.62,24,Stop Loss,10
2020-06-24,18:30:00,Wednesday,Sell,1765.32,1776.26,10.94,18.0,1.65,24,Stop Loss,10
2023-05-22,13:30:00,Monday,Sell,1971.2,1981.55,10.35,17.05,1.65,12,Stop Loss,10
2014-11-18,14:30:00,Tuesday,Sell,1192.7,1203.28,10.58,17.74,1.68,18,Stop Loss,10
2024-11-14,06:30:00,Thursday,Sell,2554.68,2565.37,10.69,17.99,1.68,2,Stop Loss,10
2024-01-17,06:30:00,Wednesday,Sell,2018.96,2029.19,10.23,17.24,1.69,13,Stop Loss,10
2020-12-28,06:30:00,Monday,Sell,1886.55,1896.86,10.31,17.55,1.7,17,Stop Loss,10
2021-04-29,10:30:00,Thursday,Sell,1774.47,1785.37,10.9,18.54,1.7,13,Stop Loss,10
2010-05-20,18:30:00,Thursday,Sell,1183.99,1194.34,10.35,17.95,1.73,12,Stop Loss,10
2022-07-20,18:30:00,Wednesday,Sell,1699.78,1710.66,10.88,19.04,1.75,6,Stop Loss,10
2020-09-10,18:30:00,Thursday,Sell,1955.91,1966.53,10.62,19.25,1.81,15,Stop Loss,10
2020-03-24,22:30:00,Tuesday,Sell,1620.85,1631.43,10.58,19.52,1.84,1,Stop Loss,10
2012-12-04,06:30:00,Tuesday,Sell,1703.49,1714.3,10.81,20.24,1.87,26,Stop Loss,10
2014-12-15,10:30:00,Monday,Sell,1210.43,1220.76,10.33,19.86,1.92,7,Stop Loss,10
2025-07-31,13:30:00,Thursday,Sell,3301.12,3311.25,10.13,19.57,1.93,6,Stop Loss,10
2014-01-06,18:30:00,Monday,Sell,1238.35,1248.49,10.14,20.0,1.97,24,Stop Loss,10
2025-05-07,17:30:00,Wednesday,Sell,3384.38,3394.87,10.49,20.78,1.98,1,Stop Loss,10
2021-08-09,14:30:00,Monday,Sell,1738.38,1748.84,10.46,20.82,1.99,13,Stop Loss,10
2013-06-24,06:30:00,Monday,Sell,1284.17,1294.48,10.31,104.02,10.09,78,Stop Loss,10
2023-09-25,17:30:00,Monday,Sell,1915.63,1925.64,10.01,105.29,10.52,84,Stop Loss,10
2020-11-18,10:30:00,Wednesday,Sell,1874.51,1884.76,10.25,110.29,10.76,125,Stop Loss,10
2025-07-24,05:30:00,Thursday,Sell,3378.94,3389.13,10.19,111.05,10.9,51,Stop Loss,10
2023-02-02,18:30:00,Thursday,Sell,1917.37,1927.69,10.32,112.75,10.93,173,Stop Loss,10
2012-05-02,14:30:00,Wednesday,Sell,1649.32,1659.98,10.65,122.49,11.5,481,Stop Loss,10
2015-10-15,13:30:00,Thursday,Sell,1181.15,1191.62,10.47,134.92,12.89,476,Stop Loss,10
2012-04-13,14:30:00,Friday,Sell,1665.8,1676.45,10.65,138.96,13.05,571,Stop Loss,10
2014-09-02,14:30:00,Tuesday,Sell,1266.89,1277.2,10.31,136.79,13.27,572,Stop Loss,10
2023-08-01,13:30:00,Tuesday,Sell,1947.54,1957.56,10.02,137.2,13.69,336,Stop Loss,10
2013-11-01,09:30:00,Friday,Sell,1317.51,1327.54,10.03,138.65,13.82,438,Stop Loss,10
2015-05-22,14:30:00,Friday,Sell,1204.03,1214.99,10.96,157.8,14.4,1116,Stop Loss,10
2011-12-12,10:30:00,Monday,Sell,1681.05,1691.95,10.9,158.55,14.55,182,Stop Loss,10
2013-10-30,21:30:00,Wednesday,Sell,1343.92,1354.86,10.94,165.06,15.09,548,Stop Loss,10
2013-06-18,14:30:00,Tuesday,Sell,1368.41,1378.61,10.2,188.26,18.46,260,Stop Loss,10
2016-09-27,13:30:00,Tuesday,Sell,1326.75,1337.7,10.95,204.24,18.65,1438,Stop Loss,10
2021-06-11,10:30:00,Friday,Sell,1892.3,1903.08,10.78,205.11,19.03,1077,Stop Loss,10
2022-06-30,18:30:00,Thursday,Sell,1808.13,1818.24,10.11,193.49,19.14,706,Stop Loss,10
2015-02-05,10:30:00,Thursday,Sell,1260.29,1271.25,10.96,214.06,19.53,1668,Stop Loss,10
2025-02-21,02:30:00,Friday,Sell,2938.76,2949.71,10.95,22.12,2.02,9,Stop Loss,10
2013-09-17,14:30:00,Tuesday,Sell,1313.35,1323.77,10.42,21.81,2.09,8,Stop Loss,10
2020-05-04,14:30:00,Monday,Sell,1704.23,1714.95,10.72,22.63,2.11,19,Stop Loss,10
2025-04-07,09:30:00,Monday,Sell,3024.7,3035.36,10.66,22.53,2.11,1,Stop Loss,10
2024-01-19,14:30:00,Friday,Sell,2029.41,2039.41,10.0,21.16,2.12,41,Stop Loss,10
2023-07-05,13:30:00,Wednesday,Sell,1924.75,1935.17,10.42,22.24,2.13,23,Stop Loss,10
2011-05-11,18:30:00,Wednesday,Sell,1500.85,1511.57,10.72,22.85,2.13,10,Stop Loss,10
2012-03-21,18:30:00,Wednesday,Sell,1651.0,1661.86,10.86,23.09,2.13,12,Stop Loss,10
2025-06-18,17:30:00,Wednesday,Sell,3384.55,3394.79,10.24,22.02,2.15,1,Stop Loss,10
2011-06-30,18:30:00,Thursday,Sell,1500.95,1511.56,10.61,22.96,2.16,18,Stop Loss,10
2025-06-03,09:30:00,Tuesday,Sell,3356.53,3367.41,10.88,23.52,2.16,4,Stop Loss,10
2020-07-30,02:30:00,Thursday,Sell,1961.35,1971.62,10.27,22.28,2.17,7,Stop Loss,10
2022-03-15,21:30:00,Tuesday,Sell,1917.53,1927.78,10.25,22.64,2.21,6,Stop Loss,10
2022-07-12,14:30:00,Tuesday,Sell,1729.35,1739.51,10.16,22.51,2.22,7,Stop Loss,10
2021-12-14,14:30:00,Tuesday,Sell,1775.48,1785.67,10.19,23.13,2.27,11,Stop Loss,10
2021-05-12,14:30:00,Wednesday,Sell,1833.19,1843.74,10.55,24.63,2.33,15,Stop Loss,10
2011-03-15,09:30:00,Tuesday,Sell,1406.7,1417.6,10.9,25.85,2.37,19,Stop Loss,10
2024-04-30,13:30:00,Tuesday,Sell,2307.27,2318.05,10.78,25.78,2.39,8,Stop Loss,10
2023-01-04,18:30:00,Wednesday,Sell,1850.05,1860.53,10.48,25.06,2.39,12,Stop Loss,10
2024-10-04,09:30:00,Friday,Sell,2657.21,2667.79,10.58,25.33,2.39,2,Stop Loss,10
2011-08-23,14:30:00,Tuesday,Sell,1875.55,1886.5,10.95,26.51,2.42,1,Stop Loss,10
2023-12-11,02:30:00,Monday,Sell,1997.89,2007.94,10.05,24.93,2.48,17,Stop Loss,10
2021-06-28,10:30:00,Monday,Sell,1775.75,1785.81,10.06,25.17,2.5,25,Stop Loss,10
2016-03-23,06:30:00,Wednesday,Sell,1234.54,1245.02,10.48,26.34,2.51,71,Stop Loss,10
2012-05-15,14:30:00,Tuesday,Sell,1553.8,1564.3,10.5,26.96,2.57,13,Stop Loss,10
2013-12-02,10:30:00,Monday,Sell,1237.53,1247.6,10.07,25.86,2.57,14,Stop Loss,10
2012-06-08,02:30:00,Friday,Sell,1581.7,1592.35,10.65,28.28,2.66,4,Stop Loss,10
2010-11-03,13:30:00,Wednesday,Sell,1354.25,1364.9,10.65,28.9,2.71,5,Stop Loss,10
2025-09-10,21:30:00,Wednesday,Sell,3639.77,3649.8,10.03,27.5,2.74,8,Stop Loss,10
2023-05-24,17:30:00,Wednesday,Sell,1962.13,1972.99,10.86,30.18,2.78,29,Stop Loss,10
2022-07-18,18:30:00,Monday,Sell,1709.54,1719.81,10.27,28.8,2.8,19,Stop Loss,10
2009-10-23,17:30:00,Friday,Sell,1055.55,1065.9,10.35,28.96,2.8,38,Stop Loss,10
2021-01-22,02:30:00,Friday,Sell,1860.51,1870.88,10.37,29.35,2.83,33,Stop Loss,10
2012-09-25,17:30:00,Tuesday,Sell,1764.95,1775.06,10.11,28.9,2.86,12,Stop Loss,10
2015-05-26,10:30:00,Tuesday,Sell,1194.06,1205.01,10.95,31.47,2.87,104,Stop Loss,10
2025-06-16,09:30:00,Monday,Sell,3411.72,3421.73,10.01,28.8,2.88,1,Stop Loss,10
2019-06-26,02:30:00,Wednesday,Sell,1413.58,1424.57,10.99,31.96,2.91,30,Stop Loss,10
2011-10-12,13:30:00,Wednesday,Sell,1682.2,1692.35,10.15,29.55,2.91,17,Stop Loss,10
2017-12-05,14:30:00,Tuesday,Sell,1266.61,1276.87,10.26,30.24,2.95,81,Stop Loss,10
2023-05-05,09:30:00,Friday,Sell,2037.58,2048.45,10.87,227.24,20.91,885,Stop Loss,10
2011-09-22,09:30:00,Thursday,Sell,1765.95,1776.8,10.85,233.5,21.52,193,Stop Loss,10
2013-05-15,10:30:00,Wednesday,Sell,1414.81,1424.98,10.17,234.66,23.07,449,Stop Loss,10
2020-09-16,14:30:00,Wednesday,Sell,1963.36,1973.75,10.39,286.67,27.59,2227,Stop Loss,10
2020-08-19,14:30:00,Wednesday,Sell,1984.69,1995.41,10.72,308.0,28.73,2386,Stop Loss,10
2015-07-20,14:30:00,Monday,Sell,1105.77,1116.24,10.47,32.67,3.12,95,Stop Loss,10
2020-08-21,02:30:00,Friday,Sell,1945.27,1956.04,10.77,33.95,3.15,9,Stop Loss,10
2020-02-03,02:30:00,Monday,Sell,1582.52,1593.29,10.77,35.18,3.27,69,Stop Loss,10
2011-10-31,21:30:00,Monday,Sell,1714.4,1724.95,10.55,34.8,3.3,7,Stop Loss,10
2011-03-15,05:30:00,Tuesday,Sell,1414.55,1424.65,10.1,33.7,3.34,23,Stop Loss,10
2024-05-02,05:30:00,Thursday,Sell,2314.69,2325.64,10.95,37.61,3.43,14,Stop Loss,10
2025-07-04,09:30:00,Friday,Sell,3334.29,3345.22,10.93,37.97,3.47,10,Stop Loss,10
2019-11-07,10:30:00,Thursday,Sell,1481.88,1492.33,10.45,36.37,3.48,196,Stop Loss,10
2013-05-17,14:30:00,Friday,Sell,1373.45,1383.52,10.07,35.39,3.51,7,Stop Loss,10
2012-07-27,14:30:00,Friday,Sell,1619.6,1629.7,10.1,35.98,3.56,102,Stop Loss,10
2023-04-05,17:30:00,Wednesday,Sell,2020.83,2031.73,10.9,39.26,3.6,29,Stop Loss,10
2013-01-03,22:30:00,Thursday,Sell,1663.4,1673.44,10.04,37.71,3.76,28,Stop Loss,10
2024-01-16,10:30:00,Tuesday,Sell,2040.69,2051.03,10.34,38.97,3.77,67,Stop Loss,10
2022-05-02,02:30:00,Monday,Sell,1889.83,1900.05,10.22,39.49,3.86,18,Stop Loss,10
2024-11-29,18:30:00,Friday,Sell,2652.36,2662.38,10.02,39.47,3.94,35,Stop Loss,10
2025-03-20,09:30:00,Thursday,Sell,3041.13,3051.64,10.51,41.79,3.98,31,Stop Loss,10
2020-08-19,02:30:00,Wednesday,Sell,1996.1,2006.53,10.43,319.41,30.62,2396,Stop Loss,10
2013-08-29,02:30:00,Thursday,Sell,1408.48,1418.62,10.14,362.25,35.71,8962,Stop Loss,10
2025-02-27,22:30:00,Thursday,Sell,2877.06,2887.73,10.67,44.64,4.18,11,Stop Loss,10
2013-07-02,14:30:00,Tuesday,Sell,1251.71,1262.1,10.39,43.61,4.2,38,Stop Loss,10
2016-02-12,02:30:00,Friday,Sell,1237.38,1248.32,10.94,46.56,4.26,51,Stop Loss,10
2025-08-14,09:30:00,Thursday,Sell,3356.26,3366.67,10.41,44.74,4.3,38,Stop Loss,10
2025-08-14,05:30:00,Thursday,Sell,3358.54,3369.38,10.84,47.02,4.34,39,Stop Loss,10
2025-03-20,05:30:00,Thursday,Sell,3046.71,3057.53,10.82,47.37,4.38,33,Stop Loss,10
2011-09-15,06:30:00,Thursday,Sell,1808.45,1818.45,10.0,46.05,4.6,9,Stop Loss,10
2023-03-23,21:30:00,Thursday,Sell,1992.96,2003.43,10.47,49.09,4.69,47,Stop Loss,10
2019-02-28,14:30:00,Thursday,Sell,1316.96,1327.39,10.43,50.79,4.87,397,Stop Loss,10
2022-03-09,06:30:00,Wednesday,Sell,2048.85,2059.18,10.33,434.21,42.03,1780,Stop Loss,10
2016-11-30,14:30:00,Wednesday,Sell,1177.33,1187.96,10.63,54.82,5.16,162,Stop Loss,10
2020-09-02,02:30:00,Wednesday,Sell,1962.82,1973.37,10.55,56.5,5.36,62,Stop Loss,10
2015-07-17,14:30:00,Friday,Sell,1133.83,1144.76,10.93,62.55,5.72,144,Stop Loss,10
2024-04-26,13:30:00,Friday,Sell,2340.86,2351.74,10.88,63.78,5.86,57,Stop Loss,10
2010-05-17,18:30:00,Monday,Sell,1227.09,1237.44,10.35,61.05,5.9,90,Stop Loss,10
2011-01-13,22:30:00,Thursday,Sell,1373.4,1384.15,10.75,65.95,6.13,144,Stop Loss,10
2022-05-09,18:30:00,Monday,Sell,1855.83,1866.58,10.75,69.33,6.45,65,Stop Loss,10
2024-12-13,18:30:00,Friday,Sell,2653.88,2664.6,10.72,71.66,6.68,72,Stop Loss,10
2015-11-03,18:30:00,Tuesday,Sell,1114.73,1124.88,10.15,68.5,6.75,351,Stop Loss,10
2012-12-13,02:30:00,Thursday,Sell,1700.68,1711.2,10.53,654.44,62.18,11281,Stop Loss,10
2012-10-08,01:30:00,Monday,Sell,1770.15,1780.65,10.5,723.92,68.94,11904,Stop Loss,10
2024-12-16,14:30:00,Monday,Sell,2654.47,2664.47,10.0,72.25,7.23,67,Stop Loss,10
2021-09-15,14:30:00,Wednesday,Sell,1796.56,1806.94,10.38,75.04,7.23,162,Stop Loss,10
2015-11-03,14:30:00,Tuesday,Sell,1122.55,1132.93,10.38,76.32,7.35,380,Stop Loss,10
2012-10-05,17:30:00,Friday,Sell,1778.05,1788.24,10.18,731.82,71.87,11910,Stop Loss,10
2011-09-19,10:30:00,Monday,Sell,1816.8,1827.0,10.2,770.57,75.55,13622,Stop Loss,10
2011-09-12,06:30:00,Monday,Sell,1848.0,1858.3,10.3,801.77,77.84,13656,Stop Loss,10
2021-09-07,10:30:00,Tuesday,Sell,1810.11,1820.67,10.56,88.59,8.39,262,Stop Loss,10
2023-12-28,10:30:00,Thursday,Sell,2077.0,2087.64,10.64,92.93,8.73,271,Stop Loss,10
2023-12-04,10:30:00,Monday,Sell,2068.04,2078.9,10.86,95.08,8.76,97,Stop Loss,10
2019-09-05,02:30:00,Thursday,Sell,1542.45,1553.09,10.64,96.94,9.11,501,Stop Loss,10
2013-11-18,18:30:00,Monday,Sell,1273.98,1284.04,10.06,95.12,9.46,346,Stop Loss,10
2017-09-11,02:30:00,Monday,Sell,1336.39,1346.81,10.42,100.02,9.6,568,Stop Loss,10
2020-11-23,10:30:00,Monday,Sell,1865.28,1875.73,10.45,101.06,9.67,106,Stop Loss,10
2009-03-04,18:30:00,Wednesday,Sell,905.33,915.6,10.27,2.28,SL,4,Stop Loss,10
2009-04-08,14:30:00,Wednesday,Sell,879.54,889.6,10.06,0.56,SL,1,Stop Loss,10
2009-04-30,10:30:00,Thursday,Sell,889.8,900.3,10.5,9.31,SL,13,Stop Loss,10
2009-10-13,13:30:00,Tuesday,Sell,1058.25,1068.85,10.6,3.35,SL,4,Stop Loss,10
2009-12-14,10:30:00,Monday,Sell,1117.2,1127.35,10.15,1.5,SL,4,Stop Loss,10
2010-02-12,10:30:00,Friday,Sell,1081.69,1091.85,10.16,4.05,SL,2,Stop Loss,10
2010-03-22,14:30:00,Monday,Sell,1095.15,1105.25,10.1,2.85,SL,3,Stop Loss,10
2010-04-22,14:30:00,Thursday,Sell,1134.04,1144.64,10.6,2.4,SL,7,Stop Loss,10
2010-05-05,14:30:00,Wednesday,Sell,1163.74,1174.29,10.55,0.45,SL,1,Stop Loss,10
2010-05-13,18:30:00,Thursday,Sell,1232.84,1243.19,10.35,1.8,SL,4,Stop Loss,10
2010-05-14,18:30:00,Friday,Sell,1228.74,1239.69,10.95,4.3,SL,3,Stop Loss,10
2010-05-21,18:30:00,Friday,Sell,1177.55,1187.59,10.04,1.4,SL,3,Stop Loss,10
2010-06-10,14:30:00,Thursday,Sell,1217.15,1227.4,10.25,2.55,SL,6,Stop Loss,10
2010-06-10,18:30:00,Thursday,Sell,1216.55,1227.1,10.55,1.2,SL,5,Stop Loss,10
2010-07-01,22:30:00,Thursday,Sell,1198.6,1208.85,10.25,0.46,SL,2,Stop Loss,10
2010-07-19,14:30:00,Monday,Sell,1181.15,1191.95,10.8,5.9,SL,7,Stop Loss,10
2010-10-18,01:30:00,Monday,Sell,1358.75,1369.05,10.3,6.0,SL,4,Stop Loss,10
2010-11-29,14:30:00,Monday,Sell,1357.3,1367.55,10.25,2.1,SL,1,Stop Loss,10
2010-12-23,14:30:00,Thursday,Sell,1373.0,1383.95,10.95,0.8,SL,4,Stop Loss,10
2011-03-03,14:30:00,Thursday,Sell,1420.25,1431.15,10.9,10.1,SL,7,Stop Loss,10
2011-03-11,10:30:00,Friday,Sell,1409.2,1419.3,10.1,4.45,SL,2,Stop Loss,10
2011-04-26,02:30:00,Tuesday,Sell,1497.6,1508.25,10.65,4.75,SL,6,Stop Loss,10
2011-05-26,14:30:00,Thursday,Sell,1515.82,1525.93,10.11,1.32,SL,4,Stop Loss,10
2011-06-15,18:30:00,Wednesday,Sell,1523.4,1534.16,10.76,1.95,SL,11,Stop Loss,10
2011-06-16,14:30:00,Thursday,Sell,1523.05,1533.1,10.05,1.25,SL,6,Stop Loss,10
2011-09-05,02:30:00,Monday,Sell,1879.0,1889.96,10.96,4.28,SL,2,Stop Loss,10
2011-09-13,22:30:00,Tuesday,Sell,1833.3,1844.15,10.85,1.05,SL,1,Stop Loss,10
2011-09-29,17:30:00,Thursday,Sell,1615.4,1625.5,10.1,5.6,SL,2,Stop Loss,10
2011-10-07,09:30:00,Friday,Sell,1652.55,1663.05,10.5,5.55,SL,1,Stop Loss,10
2011-10-25,13:30:00,Tuesday,Sell,1653.7,1664.15,10.45,0.7,SL,1,Stop Loss,10
2012-01-19,14:30:00,Thursday,Sell,1654.9,1665.8,10.91,9.95,SL,7,Stop Loss,10
2012-01-30,10:30:00,Monday,Sell,1720.11,1730.45,10.34,1.44,SL,1,Stop Loss,10
2012-01-31,18:30:00,Tuesday,Sell,1736.0,1746.08,10.08,3.45,SL,4,Stop Loss,10
2012-02-10,14:30:00,Friday,Sell,1712.9,1723.7,10.8,1.47,SL,1,Stop Loss,10
2012-02-27,10:30:00,Monday,Sell,1764.25,1774.3,10.05,0.35,SL,2,Stop Loss,10
2012-03-20,17:30:00,Tuesday,Sell,1647.59,1657.99,10.41,2.94,SL,4,Stop Loss,10
2012-04-18,18:30:00,Wednesday,Sell,1638.56,1648.89,10.33,7.67,SL,5,Stop Loss,10
2012-06-04,02:30:00,Monday,Sell,1615.67,1626.15,10.48,0.43,SL,1,Stop Loss,10
2012-06-06,22:30:00,Wednesday,Sell,1618.83,1629.0,10.17,6.13,SL,4,Stop Loss,10
2012-06-11,14:30:00,Monday,Sell,1585.8,1596.65,10.85,4.18,SL,1,Stop Loss,10
2012-07-12,14:30:00,Thursday,Sell,1556.93,1566.95,10.02,2.1,SL,1,Stop Loss,10
2012-10-24,17:30:00,Wednesday,Sell,1699.24,1709.61,10.37,0.94,SL,3,Stop Loss,10
2012-12-21,02:30:00,Friday,Sell,1639.2,1649.2,10.0,0.5,SL,2,Stop Loss,10
2013-03-01,18:30:00,Friday,Sell,1573.6,1584.5,10.9,0.0,SL,2,Stop Loss,10
2013-05-03,18:30:00,Friday,Sell,1465.05,1475.7,10.65,0.85,SL,2,Stop Loss,10
2013-05-13,10:30:00,Monday,Sell,1427.28,1438.08,10.8,0.53,SL,4,Stop Loss,10
2013-06-05,18:30:00,Wednesday,Sell,1400.79,1410.8,10.01,9.09,SL,6,Stop Loss,10
2013-06-13,18:30:00,Thursday,Sell,1377.6,1387.7,10.1,1.9,SL,1,Stop Loss,10
2013-08-20,06:30:00,Tuesday,Sell,1357.38,1368.37,10.99,5.16,SL,2,Stop Loss,10
2013-09-23,01:30:00,Monday,Sell,1319.52,1330.43,10.91,3.3,SL,2,Stop Loss,10
2013-10-29,09:30:00,Tuesday,Sell,1344.77,1354.99,10.22,6.0,SL,7,Stop Loss,10
2013-11-26,14:30:00,Tuesday,Sell,1243.05,1253.07,10.02,3.47,SL,5,Stop Loss,10
2014-01-08,14:30:00,Wednesday,Sell,1221.15,1232.04,10.89,2.8,SL,9,Stop Loss,10
2014-03-19,21:30:00,Wednesday,Sell,1329.12,1340.05,10.93,8.72,SL,9,Stop Loss,10
2014-04-30,14:30:00,Wednesday,Sell,1286.95,1297.43,10.48,0.0,SL,1,Stop Loss,10
2014-06-06,14:30:00,Friday,Sell,1247.52,1257.98,10.46,0.8,SL,12,Stop Loss,10
2014-06-20,02:30:00,Friday,Sell,1311.75,1322.11,10.36,5.44,SL,14,Stop Loss,10
2014-07-31,14:30:00,Thursday,Sell,1286.12,1296.17,10.05,6.06,SL,6,Stop Loss,10
2015-02-23,10:30:00,Monday,Sell,1192.77,1203.74,10.97,0.24,SL,1,Stop Loss,10
2015-03-17,17:30:00,Tuesday,Sell,1148.21,1158.76,10.55,2.41,SL,7,Stop Loss,10
2015-04-22,18:30:00,Wednesday,Sell,1186.79,1197.09,10.3,2.55,SL,7,Stop Loss,10
2015-04-24,14:30:00,Friday,Sell,1181.87,1192.66,10.79,6.77,SL,7,Stop Loss,10
2015-08-27,14:30:00,Thursday,Sell,1118.51,1129.44,10.93,0.03,SL,3,Stop Loss,10
2016-02-17,10:30:00,Wednesday,Sell,1202.21,1212.21,10.0,1.0,SL,2,Stop Loss,10
2016-02-24,22:30:00,Wednesday,Sell,1228.33,1239.02,10.69,7.3,SL,3,Stop Loss,10
2016-03-30,18:30:00,Wednesday,Sell,1225.91,1236.61,10.7,2.46,SL,5,Stop Loss,10
2016-04-14,02:30:00,Thursday,Sell,1232.3,1242.92,10.62,0.59,SL,2,Stop Loss,10
2016-05-05,18:30:00,Thursday,Sell,1271.67,1282.23,10.56,0.47,SL,5,Stop Loss,10
2016-05-12,18:30:00,Thursday,Sell,1269.61,1279.72,10.11,8.09,SL,10,Stop Loss,10
2016-07-05,02:30:00,Tuesday,Sell,1341.89,1352.43,10.54,0.81,SL,3,Stop Loss,10
2016-07-18,02:30:00,Monday,Sell,1326.59,1337.39,10.8,3.29,SL,12,Stop Loss,10
2016-08-24,14:30:00,Wednesday,Sell,1328.54,1339.13,10.59,10.57,SL,13,Stop Loss,10
2016-11-25,02:30:00,Friday,Sell,1176.3,1186.83,10.53,1.93,SL,2,Stop Loss,10
2016-12-01,14:30:00,Thursday,Sell,1161.78,1171.95,10.17,1.2,SL,2,Stop Loss,10
2016-12-15,10:30:00,Thursday,Sell,1131.0,1141.27,10.27,8.49,SL,11,Stop Loss,10
2017-01-11,14:30:00,Wednesday,Sell,1180.21,1190.32,10.11,3.13,SL,1,Stop Loss,10
2017-11-10,18:30:00,Friday,Sell,1275.07,1285.69,10.62,5.26,SL,16,Stop Loss,10
2018-01-10,14:30:00,Wednesday,Sell,1317.44,1327.83,10.39,1.91,SL,10,Stop Loss,10
2018-05-29,14:30:00,Tuesday,Sell,1294.44,1304.84,10.4,0.02,SL,11,Stop Loss,10
2019-06-10,02:30:00,Monday,Sell,1329.98,1340.81,10.83,10.2,SL,22,Stop Loss,10
2019-07-01,18:30:00,Monday,Sell,1385.63,1396.44,10.81,3.75,SL,6,Stop Loss,10
2019-07-11,18:30:00,Thursday,Sell,1405.27,1415.83,10.56,4.71,SL,7,Stop Loss,10
2019-08-28,14:30:00,Wednesday,Sell,1536.56,1546.96,10.4,1.85,SL,5,Stop Loss,10
2019-10-09,09:30:00,Wednesday,Sell,1500.98,1511.5,10.52,1.25,SL,3,Stop Loss,10
2020-02-05,10:30:00,Wednesday,Sell,1551.69,1562.5,10.81,2.16,SL,6,Stop Loss,10
2020-03-04,18:30:00,Wednesday,Sell,1635.88,1645.94,10.06,2.19,SL,4,Stop Loss,10
2020-04-02,02:30:00,Thursday,Sell,1585.3,1595.73,10.43,2.83,SL,2,Stop Loss,10
2020-06-15,10:30:00,Monday,Sell,1713.57,1724.18,10.61,9.45,SL,3,Stop Loss,10
2020-07-13,22:30:00,Monday,Sell,1800.36,1811.05,10.69,10.08,SL,7,Stop Loss,10
2020-07-23,02:30:00,Thursday,Sell,1866.18,1876.55,10.37,2.68,SL,2,Stop Loss,10
2020-08-13,06:30:00,Thursday,Sell,1928.41,1939.3,10.89,8.26,SL,2,Stop Loss,10
2020-08-19,06:30:00,Wednesday,Sell,1986.96,1997.67,10.71,6.98,SL,1,Stop Loss,10
2020-08-21,14:30:00,Friday,Sell,1930.27,1941.08,10.81,8.8,SL,1,Stop Loss,10
2020-08-27,18:30:00,Thursday,Sell,1930.41,1941.08,10.67,7.48,SL,3,Stop Loss,10
2020-09-30,21:30:00,Wednesday,Sell,1885.02,1895.37,10.35,1.19,SL,2,Stop Loss,10
2020-10-02,01:30:00,Friday,Sell,1897.55,1907.58,10.03,7.94,SL,1,Stop Loss,10
2020-11-09,18:30:00,Monday,Sell,1860.82,1871.07,10.25,0.78,SL,2,Stop Loss,10
2020-12-07,10:30:00,Monday,Sell,1831.35,1841.97,10.62,3.98,SL,1,Stop Loss,10
2020-12-14,10:30:00,Monday,Sell,1824.05,1834.48,10.43,1.99,SL,1,Stop Loss,10
2021-01-11,14:30:00,Monday,Sell,1841.95,1852.47,10.52,1.37,SL,4,Stop Loss,10
2021-02-09,14:30:00,Tuesday,Sell,1836.75,1847.63,10.88,2.81,SL,6,Stop Loss,10
2021-03-02,14:30:00,Tuesday,Sell,1725.47,1736.32,10.85,5.18,SL,1,Stop Loss,10
2021-03-08,14:30:00,Monday,Sell,1686.58,1696.63,10.05,9.89,SL,5,Stop Loss,10
2021-03-08,18:30:00,Monday,Sell,1680.25,1690.94,10.69,0.23,SL,3,Stop Loss,10
2021-06-21,14:30:00,Monday,Sell,1774.79,1784.9,10.11,1.48,SL,1,Stop Loss,10
2021-06-24,18:30:00,Thursday,Sell,1775.19,1785.47,10.28,1.79,SL,5,Stop Loss,10
2021-07-01,18:30:00,Thursday,Sell,1772.89,1782.92,10.03,0.37,SL,4,Stop Loss,10
2021-10-12,17:30:00,Tuesday,Sell,1759.03,1769.41,10.38,1.29,SL,5,Stop Loss,10
2021-10-19,17:30:00,Tuesday,Sell,1769.65,1779.66,10.01,2.93,SL,5,Stop Loss,10
2021-11-15,14:30:00,Monday,Sell,1860.3,1870.63,10.33,2.24,SL,5,Stop Loss,10
2022-01-06,14:30:00,Thursday,Sell,1791.54,1801.78,10.24,9.09,SL,12,Stop Loss,10
2022-02-04,14:30:00,Friday,Sell,1804.01,1814.96,10.95,1.02,SL,3,Stop Loss,10
2022-03-18,21:30:00,Friday,Sell,1919.26,1930.16,10.9,1.56,SL,4,Stop Loss,10
2022-03-25,14:30:00,Friday,Sell,1948.39,1958.83,10.44,0.34,SL,1,Stop Loss,10
2022-05-16,10:30:00,Monday,Sell,1800.22,1810.22,10.0,2.2,SL,1,Stop Loss,10
2022-05-18,14:30:00,Wednesday,Sell,1810.11,1820.5,10.39,0.12,SL,1,Stop Loss,10
2022-06-21,18:30:00,Tuesday,Sell,1833.16,1843.73,10.57,9.98,SL,5,Stop Loss,10
2022-08-02,22:30:00,Tuesday,Sell,1760.16,1770.46,10.3,5.26,SL,2,Stop Loss,10
2022-11-28,18:30:00,Monday,Sell,1740.19,1750.29,10.1,0.76,SL,3,Stop Loss,10
2022-12-12,18:30:00,Monday,Sell,1780.21,1790.34,10.13,2.74,SL,5,Stop Loss,10
2023-01-17,18:30:00,Tuesday,Sell,1905.29,1915.9,10.61,8.81,SL,5,Stop Loss,10
2023-02-08,14:30:00,Wednesday,Sell,1873.14,1883.75,10.61,3.41,SL,5,Stop Loss,10
2023-02-24,14:30:00,Friday,Sell,1812.44,1823.18,10.74,7.82,SL,13,Stop Loss,10
2023-03-08,18:30:00,Wednesday,Sell,1814.26,1824.36,10.1,2.42,SL,5,Stop Loss,10
2023-05-01,01:30:00,Monday,Sell,1981.66,1992.01,10.35,4.68,SL,3,Stop Loss,10
2023-05-12,09:30:00,Friday,Sell,2002.57,2012.74,10.17,0.15,SL,1,Stop Loss,10
2023-07-03,17:30:00,Monday,Sell,1920.35,1931.12,10.77,0.5,SL,11,Stop Loss,10
2023-08-25,17:30:00,Friday,Sell,1912.02,1922.5,10.48,0.21,SL,6,Stop Loss,10
2023-09-06,17:30:00,Wednesday,Sell,1917.35,1928.09,10.74,1.55,SL,11,Stop Loss,10
2023-09-12,13:30:00,Tuesday,Sell,1908.92,1919.74,10.82,8.05,SL,18,Stop Loss,10
2023-09-21,13:30:00,Thursday,Sell,1916.19,1926.2,10.01,1.1,SL,5,Stop Loss,10
2023-10-04,13:30:00,Wednesday,Sell,1820.06,1830.76,10.7,9.72,SL,13,Stop Loss,10
2023-12-29,10:30:00,Friday,Sell,2064.43,2074.81,10.38,6.35,SL,4,Stop Loss,10
2024-01-24,18:30:00,Wednesday,Sell,2014.77,2025.51,10.74,6.52,SL,11,Stop Loss,10
2024-01-25,18:30:00,Thursday,Sell,2013.93,2024.79,10.86,0.6,SL,5,Stop Loss,10
2024-02-16,14:30:00,Friday,Sell,1997.71,2008.24,10.53,0.21,SL,1,Stop Loss,10
2024-03-22,09:30:00,Friday,Sell,2166.36,2176.4,10.04,1.25,SL,1,Stop Loss,10
2024-04-29,13:30:00,Monday,Sell,2333.69,2344.22,10.53,0.97,SL,1,Stop Loss,10
2024-05-13,17:30:00,Monday,Sell,2335.62,2346.16,10.54,0.89,SL,4,Stop Loss,10
2024-05-24,13:30:00,Friday,Sell,2336.91,2347.55,10.64,5.22,SL,6,Stop Loss,10
2024-05-24,17:30:00,Friday,Sell,2332.38,2343.33,10.95,0.69,SL,3,Stop Loss,10
2024-07-09,17:30:00,Tuesday,Sell,2361.6,2371.7,10.1,0.59,SL,4,Stop Loss,10
2024-07-23,05:30:00,Tuesday,Sell,2392.27,2402.54,10.27,4.11,SL,1,Stop Loss,10
2024-07-23,13:30:00,Tuesday,Sell,2401.69,2412.17,10.48,2.16,SL,4,Stop Loss,10
2024-08-13,01:30:00,Tuesday,Sell,2466.08,2477.0,10.92,10.88,SL,8,Stop Loss,10
2024-09-03,01:30:00,Tuesday,Sell,2493.42,2504.3,10.88,1.02,SL,2,Stop Loss,10
2024-10-16,13:30:00,Wednesday,Sell,2674.84,2685.48,10.64,8.25,SL,5,Stop Loss,10
2024-10-23,01:30:00,Wednesday,Sell,2738.28,2748.72,10.44,0.51,SL,1,Stop Loss,10
2024-10-30,13:30:00,Wednesday,Sell,2777.11,2787.58,10.47,5.25,SL,1,Stop Loss,10
2024-11-15,06:30:00,Friday,Sell,2561.13,2571.26,10.13,1.85,SL,2,Stop Loss,10
2024-11-28,02:30:00,Thursday,Sell,2627.92,2638.52,10.6,2.34,SL,1,Stop Loss,10
2024-12-17,14:30:00,Tuesday,Sell,2636.37,2646.95,10.58,0.45,SL,1,Stop Loss,10
2025-01-17,10:30:00,Friday,Sell,2703.66,2714.58,10.92,1.05,SL,2,Stop Loss,10
2025-02-07,06:30:00,Friday,Sell,2860.43,2870.49,10.06,0.37,SL,1,Stop Loss,10
2025-02-11,14:30:00,Tuesday,Sell,2896.17,2906.7,10.53,5.57,SL,1,Stop Loss,10
2025-02-19,02:30:00,Wednesday,Sell,2928.97,2939.75,10.78,4.29,SL,2,Stop Loss,10
2025-02-24,10:30:00,Monday,Sell,2937.91,2948.83,10.92,3.29,SL,1,Stop Loss,10
2025-03-20,13:30:00,Thursday,Sell,3032.01,3042.41,10.4,1.43,SL,1,Stop Loss,10
2025-04-02,13:30:00,Wednesday,Sell,3122.14,3132.27,10.13,2.82,SL,1,Stop Loss,10
2025-04-10,09:30:00,Thursday,Sell,3116.28,3126.75,10.47,3.11,SL,1,Stop Loss,10
2025-05-21,21:30:00,Wednesday,Sell,3314.34,3324.97,10.63,0.0,SL,1,Stop Loss,10
2025-05-27,13:30:00,Tuesday,Sell,3294.93,3305.01,10.08,9.47,SL,2,Stop Loss,10
2025-06-04,21:30:00,Wednesday,Sell,3371.84,3382.24,10.4,1.29,SL,1,Stop Loss,10
2025-06-12,09:30:00,Thursday,Sell,3365.2,3375.78,10.58,2.73,SL,1,Stop Loss,10
2025-06-12,17:30:00,Thursday,Sell,3382.37,3393.17,10.8,2.65,SL,2,Stop Loss,10
2025-06-18,09:30:00,Wednesday,Sell,3377.83,3388.59,10.76,2.17,SL,1,Stop Loss,10
2025-06-26,01:30:00,Thursday,Sell,3329.88,3340.03,10.15,0.67,SL,1,Stop Loss,10
2025-07-18,05:30:00,Friday,Sell,3333.26,3344.19,10.93,1.58,SL,1,Stop Loss,10
2025-07-30,01:30:00,Wednesday,Sell,3322.98,3333.88,10.9,0.0,SL,2,Stop Loss,10
2025-08-27,05:30:00,Wednesday,Sell,3376.95,3387.12,10.17,3.29,SL,3,Stop Loss,10
